program_name_and_version,EnergyPlus 22.1
program_version_release_date,03/29/22
program_name_short,E+
results_submission_date,05/05/2022
organization,National Renewable Energy Laboratory
organization_short,NREL
Annual Heating Loads 600,4.21944
Annual Heating Loads 610,4.26944
Annual Heating Loads 620,4.36944
Annual Heating Loads 630,4.66667
Annual Heating Loads 640,2.675
Annual Heating Loads 650,0
Annual Heating Loads 660,3.05278
Annual Heating Loads 670,2.96389
Annual Heating Loads 680,3.94444
Annual Heating Loads 685,4.79444
Annual Heating Loads 695,4.54167
Annual Heating Loads 900,1.53056
Annual Heating Loads 910,1.81389
Annual Heating Loads 920,3.19444
Annual Heating Loads 930,3.86389
Annual Heating Loads 940,1.03889
Annual Heating Loads 950,0
Annual Heating Loads 960,2.55556
Annual Heating Loads 980,1.31389
Annual Heating Loads 985,2.25
Annual Heating Loads 995,2.01667
Annual Heating Loads 195,4.02778
Annual Heating Loads 200,5.15278
Annual Heating Loads 210,6.13611
Annual Heating Loads 215,5.49444
Annual Heating Loads 220,6.60833
Annual Heating Loads 230,10.0833
Annual Heating Loads 240,5.425
Annual Heating Loads 250,4.99444
Annual Heating Loads 270,4.30278
Annual Heating Loads 280,4.50278
Annual Heating Loads 290,4.34167
Annual Heating Loads 300,4.32778
Annual Heating Loads 310,4.58889
Annual Heating Loads 320,3.66389
Annual Heating Loads 395,4.60833
Annual Heating Loads 400,6.5
Annual Heating Loads 410,8.23333
Annual Heating Loads 420,7.05278
Annual Heating Loads 430,5.7
Annual Heating Loads 440,4.40833
Annual Heating Loads 450,4.78611
Annual Heating Loads 460,4.625
Annual Heating Loads 470,4.32222
Annual Heating Loads 800,5.16389
Annual Heating Loads 810,2.23889
Annual Cooling Loads 600,6.25278
Annual Cooling Loads 610,4.49444
Annual Cooling Loads 620,4.16389
Annual Cooling Loads 630,2.88333
Annual Cooling Loads 640,6.03056
Annual Cooling Loads 650,5.33889
Annual Cooling Loads 660,4.125
Annual Cooling Loads 670,8.60278
Annual Cooling Loads 680,6.13056
Annual Cooling Loads 685,9.37222
Annual Cooling Loads 695,9.27222
Annual Cooling Loads 900,2.61389
Annual Cooling Loads 910,1.44444
Annual Cooling Loads 920,2.79444
Annual Cooling Loads 930,1.94444
Annual Cooling Loads 940,2.55278
Annual Cooling Loads 950,0.697222
Annual Cooling Loads 960,0.875
Annual Cooling Loads 980,2.69722
Annual Cooling Loads 985,6.56389
Annual Cooling Loads 995,6.61111
Annual Cooling Loads 195,0.558333
Annual Cooling Loads 200,0.777778
Annual Cooling Loads 210,0.525
Annual Cooling Loads 215,0.852778
Annual Cooling Loads 220,0.588889
Annual Cooling Loads 230,0.969444
Annual Cooling Loads 240,0.944444
Annual Cooling Loads 250,3.30833
Annual Cooling Loads 270,7.79722
Annual Cooling Loads 280,5.18889
Annual Cooling Loads 290,5.94722
Annual Cooling Loads 300,5.30556
Annual Cooling Loads 310,3.74722
Annual Cooling Loads 320,5.225
Annual Cooling Loads 395,0.00555556
Annual Cooling Loads 400,0.025
Annual Cooling Loads 410,0.0472222
Annual Cooling Loads 420,0.133333
Annual Cooling Loads 430,0.85
Annual Cooling Loads 440,4.08333
Annual Cooling Loads 450,5.78056
Annual Cooling Loads 460,6.32778
Annual Cooling Loads 470,5.70833
Annual Cooling Loads 800,0.355556
Annual Cooling Loads 810,1.47222
Annual Hourly Integrated Peak Heating Loads 600_kW,3.15246
Annual Hourly Integrated Peak Heating Loads 600_DATE},31-DEC
Annual Hourly Integrated Peak Heating Loads 600_Hour,24
Annual Hourly Integrated Peak Heating Loads 610_kW,3.13976
Annual Hourly Integrated Peak Heating Loads 610_DATE},31-DEC
Annual Hourly Integrated Peak Heating Loads 610_Hour,24
Annual Hourly Integrated Peak Heating Loads 620_kW,3.18035
Annual Hourly Integrated Peak Heating Loads 620_DATE},31-DEC
Annual Hourly Integrated Peak Heating Loads 620_Hour,24
Annual Hourly Integrated Peak Heating Loads 630_kW,3.15783
Annual Hourly Integrated Peak Heating Loads 630_DATE},31-DEC
Annual Hourly Integrated Peak Heating Loads 630_Hour,24
Annual Hourly Integrated Peak Heating Loads 640_kW,5.54135
Annual Hourly Integrated Peak Heating Loads 640_DATE},26-NOV
Annual Hourly Integrated Peak Heating Loads 640_Hour,7
Annual Hourly Integrated Peak Heating Loads 650_kW,0
Annual Hourly Integrated Peak Heating Loads 650_DATE},01-JAN
Annual Hourly Integrated Peak Heating Loads 650_Hour,0
Annual Hourly Integrated Peak Heating Loads 660_kW,2.50912
Annual Hourly Integrated Peak Heating Loads 660_DATE},31-DEC
Annual Hourly Integrated Peak Heating Loads 660_Hour,24
Annual Hourly Integrated Peak Heating Loads 670_kW,2.58561
Annual Hourly Integrated Peak Heating Loads 670_DATE},31-DEC
Annual Hourly Integrated Peak Heating Loads 670_Hour,24
Annual Hourly Integrated Peak Heating Loads 680_kW,3.0145
Annual Hourly Integrated Peak Heating Loads 680_DATE},31-DEC
Annual Hourly Integrated Peak Heating Loads 680_Hour,24
Annual Hourly Integrated Peak Heating Loads 685_kW,3.1738
Annual Hourly Integrated Peak Heating Loads 685_DATE},31-DEC
Annual Hourly Integrated Peak Heating Loads 685_Hour,24
Annual Hourly Integrated Peak Heating Loads 695_kW,3.04311
Annual Hourly Integrated Peak Heating Loads 695_DATE},31-DEC
Annual Hourly Integrated Peak Heating Loads 695_Hour,24
Annual Hourly Integrated Peak Heating Loads 900_kW,2.62828
Annual Hourly Integrated Peak Heating Loads 900_DATE},09-FEB
Annual Hourly Integrated Peak Heating Loads 900_Hour,6
Annual Hourly Integrated Peak Heating Loads 910_kW,2.64139
Annual Hourly Integrated Peak Heating Loads 910_DATE},09-FEB
Annual Hourly Integrated Peak Heating Loads 910_Hour,6
Annual Hourly Integrated Peak Heating Loads 920_kW,2.71844
Annual Hourly Integrated Peak Heating Loads 920_DATE},09-FEB
Annual Hourly Integrated Peak Heating Loads 920_Hour,6
Annual Hourly Integrated Peak Heating Loads 930_kW,2.73553
Annual Hourly Integrated Peak Heating Loads 930_DATE},09-FEB
Annual Hourly Integrated Peak Heating Loads 930_Hour,6
Annual Hourly Integrated Peak Heating Loads 940_kW,3.83993
Annual Hourly Integrated Peak Heating Loads 940_DATE},26-NOV
Annual Hourly Integrated Peak Heating Loads 940_Hour,7
Annual Hourly Integrated Peak Heating Loads 950_kW,0
Annual Hourly Integrated Peak Heating Loads 950_DATE},01-JAN
Annual Hourly Integrated Peak Heating Loads 950_Hour,0
Annual Hourly Integrated Peak Heating Loads 960_kW,2.20297
Annual Hourly Integrated Peak Heating Loads 960_DATE},09-FEB
Annual Hourly Integrated Peak Heating Loads 960_Hour,6
Annual Hourly Integrated Peak Heating Loads 980_kW,2.46258
Annual Hourly Integrated Peak Heating Loads 980_DATE},09-FEB
Annual Hourly Integrated Peak Heating Loads 980_Hour,6
Annual Hourly Integrated Peak Heating Loads 985_kW,2.63784
Annual Hourly Integrated Peak Heating Loads 985_DATE},09-FEB
Annual Hourly Integrated Peak Heating Loads 985_Hour,6
Annual Hourly Integrated Peak Heating Loads 995_kW,2.47501
Annual Hourly Integrated Peak Heating Loads 995_DATE},09-FEB
Annual Hourly Integrated Peak Heating Loads 995_Hour,6
Annual Hourly Integrated Peak Heating Loads 195_kW,1.7525
Annual Hourly Integrated Peak Heating Loads 195_DATE},31-DEC
Annual Hourly Integrated Peak Heating Loads 195_Hour,24
Annual Hourly Integrated Peak Heating Loads 200_kW,2.35113
Annual Hourly Integrated Peak Heating Loads 200_DATE},26-NOV
Annual Hourly Integrated Peak Heating Loads 200_Hour,7
Annual Hourly Integrated Peak Heating Loads 210_kW,2.58059
Annual Hourly Integrated Peak Heating Loads 210_DATE},31-DEC
Annual Hourly Integrated Peak Heating Loads 210_Hour,24
Annual Hourly Integrated Peak Heating Loads 215_kW,2.51059
Annual Hourly Integrated Peak Heating Loads 215_DATE},26-NOV
Annual Hourly Integrated Peak Heating Loads 215_Hour,7
Annual Hourly Integrated Peak Heating Loads 220_kW,2.72959
Annual Hourly Integrated Peak Heating Loads 220_DATE},31-DEC
Annual Hourly Integrated Peak Heating Loads 220_Hour,24
Annual Hourly Integrated Peak Heating Loads 230_kW,4.35586
Annual Hourly Integrated Peak Heating Loads 230_DATE},31-DEC
Annual Hourly Integrated Peak Heating Loads 230_Hour,24
Annual Hourly Integrated Peak Heating Loads 240_kW,2.54513
Annual Hourly Integrated Peak Heating Loads 240_DATE},31-DEC
Annual Hourly Integrated Peak Heating Loads 240_Hour,24
Annual Hourly Integrated Peak Heating Loads 250_kW,2.72489
Annual Hourly Integrated Peak Heating Loads 250_DATE},31-DEC
Annual Hourly Integrated Peak Heating Loads 250_Hour,24
Annual Hourly Integrated Peak Heating Loads 270_kW,2.546
Annual Hourly Integrated Peak Heating Loads 270_DATE},31-DEC
Annual Hourly Integrated Peak Heating Loads 270_Hour,24
Annual Hourly Integrated Peak Heating Loads 280_kW,2.55177
Annual Hourly Integrated Peak Heating Loads 280_DATE},31-DEC
Annual Hourly Integrated Peak Heating Loads 280_Hour,24
Annual Hourly Integrated Peak Heating Loads 290_kW,2.53273
Annual Hourly Integrated Peak Heating Loads 290_DATE},31-DEC
Annual Hourly Integrated Peak Heating Loads 290_Hour,24
Annual Hourly Integrated Peak Heating Loads 300_kW,2.55322
Annual Hourly Integrated Peak Heating Loads 300_DATE},31-DEC
Annual Hourly Integrated Peak Heating Loads 300_Hour,24
Annual Hourly Integrated Peak Heating Loads 310_kW,2.5302
Annual Hourly Integrated Peak Heating Loads 310_DATE},31-DEC
Annual Hourly Integrated Peak Heating Loads 310_Hour,24
Annual Hourly Integrated Peak Heating Loads 320_kW,2.51982
Annual Hourly Integrated Peak Heating Loads 320_DATE},31-DEC
Annual Hourly Integrated Peak Heating Loads 320_Hour,24
Annual Hourly Integrated Peak Heating Loads 395_kW,1.91059
Annual Hourly Integrated Peak Heating Loads 395_DATE},31-DEC
Annual Hourly Integrated Peak Heating Loads 395_Hour,24
Annual Hourly Integrated Peak Heating Loads 400_kW,2.72959
Annual Hourly Integrated Peak Heating Loads 400_DATE},31-DEC
Annual Hourly Integrated Peak Heating Loads 400_Hour,24
Annual Hourly Integrated Peak Heating Loads 410_kW,3.54272
Annual Hourly Integrated Peak Heating Loads 410_DATE},31-DEC
Annual Hourly Integrated Peak Heating Loads 410_Hour,24
Annual Hourly Integrated Peak Heating Loads 420_kW,3.35826
Annual Hourly Integrated Peak Heating Loads 420_DATE},31-DEC
Annual Hourly Integrated Peak Heating Loads 420_Hour,24
Annual Hourly Integrated Peak Heating Loads 430_kW,3.35535
Annual Hourly Integrated Peak Heating Loads 430_DATE},31-DEC
Annual Hourly Integrated Peak Heating Loads 430_Hour,24
Annual Hourly Integrated Peak Heating Loads 440_kW,3.16821
Annual Hourly Integrated Peak Heating Loads 440_DATE},31-DEC
Annual Hourly Integrated Peak Heating Loads 440_Hour,24
Annual Hourly Integrated Peak Heating Loads 450_kW,3.4187
Annual Hourly Integrated Peak Heating Loads 450_DATE},31-DEC
Annual Hourly Integrated Peak Heating Loads 450_Hour,24
Annual Hourly Integrated Peak Heating Loads 460_kW,3.26838
Annual Hourly Integrated Peak Heating Loads 460_DATE},31-DEC
Annual Hourly Integrated Peak Heating Loads 460_Hour,24
Annual Hourly Integrated Peak Heating Loads 470_kW,3.26226
Annual Hourly Integrated Peak Heating Loads 470_DATE},31-DEC
Annual Hourly Integrated Peak Heating Loads 470_Hour,24
Annual Hourly Integrated Peak Heating Loads 800_kW,2.95785
Annual Hourly Integrated Peak Heating Loads 800_DATE},09-FEB
Annual Hourly Integrated Peak Heating Loads 800_Hour,6
Annual Hourly Integrated Peak Heating Loads 810_kW,2.69708
Annual Hourly Integrated Peak Heating Loads 810_DATE},09-FEB
Annual Hourly Integrated Peak Heating Loads 810_Hour,6
Annual Hourly Integrated Peak Cooling Loads 600_kW,6.60403
Annual Hourly Integrated Peak Cooling Loads 600_DATE,22-JAN
Annual Hourly Integrated Peak Cooling Loads 600_Hour,13
Annual Hourly Integrated Peak Cooling Loads 610_kW,6.32529
Annual Hourly Integrated Peak Cooling Loads 610_DATE,01-DEC
Annual Hourly Integrated Peak Cooling Loads 610_Hour,13
Annual Hourly Integrated Peak Cooling Loads 620_kW,4.84153
Annual Hourly Integrated Peak Cooling Loads 620_DATE,26-JUN
Annual Hourly Integrated Peak Cooling Loads 620_Hour,16
Annual Hourly Integrated Peak Cooling Loads 630_kW,4.24194
Annual Hourly Integrated Peak Cooling Loads 630_DATE,26-JUN
Annual Hourly Integrated Peak Cooling Loads 630_Hour,17
Annual Hourly Integrated Peak Cooling Loads 640_kW,6.56447
Annual Hourly Integrated Peak Cooling Loads 640_DATE,22-JAN
Annual Hourly Integrated Peak Cooling Loads 640_Hour,13
Annual Hourly Integrated Peak Cooling Loads 650_kW,6.53131
Annual Hourly Integrated Peak Cooling Loads 650_DATE,22-JAN
Annual Hourly Integrated Peak Cooling Loads 650_Hour,13
Annual Hourly Integrated Peak Cooling Loads 660_kW,4.32652
Annual Hourly Integrated Peak Cooling Loads 660_DATE,18-OCT
Annual Hourly Integrated Peak Cooling Loads 660_Hour,13
Annual Hourly Integrated Peak Cooling Loads 670_kW,8.08488
Annual Hourly Integrated Peak Cooling Loads 670_DATE,22-JAN
Annual Hourly Integrated Peak Cooling Loads 670_Hour,13
Annual Hourly Integrated Peak Cooling Loads 680_kW,6.56093
Annual Hourly Integrated Peak Cooling Loads 680_DATE,22-JAN
Annual Hourly Integrated Peak Cooling Loads 680_Hour,13
Annual Hourly Integrated Peak Cooling Loads 685_kW,7.35224
Annual Hourly Integrated Peak Cooling Loads 685_DATE,22-JAN
Annual Hourly Integrated Peak Cooling Loads 685_Hour,13
Annual Hourly Integrated Peak Cooling Loads 695_kW,7.31078
Annual Hourly Integrated Peak Cooling Loads 695_DATE,22-JAN
Annual Hourly Integrated Peak Cooling Loads 695_Hour,13
Annual Hourly Integrated Peak Cooling Loads 900_kW,3.13489
Annual Hourly Integrated Peak Cooling Loads 900_DATE,01-OCT
Annual Hourly Integrated Peak Cooling Loads 900_Hour,14
Annual Hourly Integrated Peak Cooling Loads 910_kW,2.3504
Annual Hourly Integrated Peak Cooling Loads 910_DATE,18-OCT
Annual Hourly Integrated Peak Cooling Loads 910_Hour,14
Annual Hourly Integrated Peak Cooling Loads 920_kW,3.28877
Annual Hourly Integrated Peak Cooling Loads 920_DATE,26-JUN
Annual Hourly Integrated Peak Cooling Loads 920_Hour,17
Annual Hourly Integrated Peak Cooling Loads 930_kW,2.78924
Annual Hourly Integrated Peak Cooling Loads 930_DATE,26-JUN
Annual Hourly Integrated Peak Cooling Loads 930_Hour,17
Annual Hourly Integrated Peak Cooling Loads 940_kW,3.13483
Annual Hourly Integrated Peak Cooling Loads 940_DATE,01-OCT
Annual Hourly Integrated Peak Cooling Loads 940_Hour,14
Annual Hourly Integrated Peak Cooling Loads 950_kW,2.35017
Annual Hourly Integrated Peak Cooling Loads 950_DATE,11-SEP
Annual Hourly Integrated Peak Cooling Loads 950_Hour,14
Annual Hourly Integrated Peak Cooling Loads 960_kW,1.43767
Annual Hourly Integrated Peak Cooling Loads 960_DATE,26-JUN
Annual Hourly Integrated Peak Cooling Loads 960_Hour,16
Annual Hourly Integrated Peak Cooling Loads 980_kW,3.13167
Annual Hourly Integrated Peak Cooling Loads 980_DATE,01-OCT
Annual Hourly Integrated Peak Cooling Loads 980_Hour,14
Annual Hourly Integrated Peak Cooling Loads 985_kW,4.02577
Annual Hourly Integrated Peak Cooling Loads 985_DATE,18-OCT
Annual Hourly Integrated Peak Cooling Loads 985_Hour,14
Annual Hourly Integrated Peak Cooling Loads 995_kW,3.99736
Annual Hourly Integrated Peak Cooling Loads 995_DATE,18-OCT
Annual Hourly Integrated Peak Cooling Loads 995_Hour,14
Annual Hourly Integrated Peak Cooling Loads 195_kW,0.987375
Annual Hourly Integrated Peak Cooling Loads 195_DATE,26-JUN
Annual Hourly Integrated Peak Cooling Loads 195_Hour,16
Annual Hourly Integrated Peak Cooling Loads 200_kW,1.27696
Annual Hourly Integrated Peak Cooling Loads 200_DATE,26-JUN
Annual Hourly Integrated Peak Cooling Loads 200_Hour,16
Annual Hourly Integrated Peak Cooling Loads 210_kW,1.05378
Annual Hourly Integrated Peak Cooling Loads 210_DATE,26-JUN
Annual Hourly Integrated Peak Cooling Loads 210_Hour,17
Annual Hourly Integrated Peak Cooling Loads 215_kW,1.38475
Annual Hourly Integrated Peak Cooling Loads 215_DATE,26-JUN
Annual Hourly Integrated Peak Cooling Loads 215_Hour,16
Annual Hourly Integrated Peak Cooling Loads 220_kW,1.17109
Annual Hourly Integrated Peak Cooling Loads 220_DATE,26-JUN
Annual Hourly Integrated Peak Cooling Loads 220_Hour,17
Annual Hourly Integrated Peak Cooling Loads 230_kW,1.82966
Annual Hourly Integrated Peak Cooling Loads 230_DATE,26-JUN
Annual Hourly Integrated Peak Cooling Loads 230_Hour,16
Annual Hourly Integrated Peak Cooling Loads 240_kW,1.35317
Annual Hourly Integrated Peak Cooling Loads 240_DATE,26-JUN
Annual Hourly Integrated Peak Cooling Loads 240_Hour,17
Annual Hourly Integrated Peak Cooling Loads 250_kW,2.97934
Annual Hourly Integrated Peak Cooling Loads 250_DATE,12-SEP
Annual Hourly Integrated Peak Cooling Loads 250_Hour,13
Annual Hourly Integrated Peak Cooling Loads 270_kW,7.1051
Annual Hourly Integrated Peak Cooling Loads 270_DATE,22-JAN
Annual Hourly Integrated Peak Cooling Loads 270_Hour,13
Annual Hourly Integrated Peak Cooling Loads 280_kW,4.77964
Annual Hourly Integrated Peak Cooling Loads 280_DATE,22-JAN
Annual Hourly Integrated Peak Cooling Loads 280_Hour,13
Annual Hourly Integrated Peak Cooling Loads 290_kW,6.85466
Annual Hourly Integrated Peak Cooling Loads 290_DATE,22-JAN
Annual Hourly Integrated Peak Cooling Loads 290_Hour,13
Annual Hourly Integrated Peak Cooling Loads 300_kW,4.53123
Annual Hourly Integrated Peak Cooling Loads 300_DATE,26-JUN
Annual Hourly Integrated Peak Cooling Loads 300_Hour,17
Annual Hourly Integrated Peak Cooling Loads 310_kW,3.99752
Annual Hourly Integrated Peak Cooling Loads 310_DATE,26-JUN
Annual Hourly Integrated Peak Cooling Loads 310_Hour,17
Annual Hourly Integrated Peak Cooling Loads 320_kW,6.4818
Annual Hourly Integrated Peak Cooling Loads 320_DATE,22-JAN
Annual Hourly Integrated Peak Cooling Loads 320_Hour,13
Annual Hourly Integrated Peak Cooling Loads 395_kW,0.292142
Annual Hourly Integrated Peak Cooling Loads 395_DATE,26-JUN
Annual Hourly Integrated Peak Cooling Loads 395_Hour,18
Annual Hourly Integrated Peak Cooling Loads 400_kW,0.572035
Annual Hourly Integrated Peak Cooling Loads 400_DATE,26-JUN
Annual Hourly Integrated Peak Cooling Loads 400_Hour,18
Annual Hourly Integrated Peak Cooling Loads 410_kW,0.793013
Annual Hourly Integrated Peak Cooling Loads 410_DATE,26-JUN
Annual Hourly Integrated Peak Cooling Loads 410_Hour,17
Annual Hourly Integrated Peak Cooling Loads 420_kW,0.997714
Annual Hourly Integrated Peak Cooling Loads 420_DATE,26-JUN
Annual Hourly Integrated Peak Cooling Loads 420_Hour,17
Annual Hourly Integrated Peak Cooling Loads 430_kW,1.93608
Annual Hourly Integrated Peak Cooling Loads 430_DATE,26-JUN
Annual Hourly Integrated Peak Cooling Loads 430_Hour,15
Annual Hourly Integrated Peak Cooling Loads 440_kW,4.68488
Annual Hourly Integrated Peak Cooling Loads 440_DATE,18-OCT
Annual Hourly Integrated Peak Cooling Loads 440_Hour,13
Annual Hourly Integrated Peak Cooling Loads 450_kW,6.13171
Annual Hourly Integrated Peak Cooling Loads 450_DATE,22-JAN
Annual Hourly Integrated Peak Cooling Loads 450_Hour,13
Annual Hourly Integrated Peak Cooling Loads 460_kW,6.29052
Annual Hourly Integrated Peak Cooling Loads 460_DATE,22-JAN
Annual Hourly Integrated Peak Cooling Loads 460_Hour,13
Annual Hourly Integrated Peak Cooling Loads 470_kW,6.43827
Annual Hourly Integrated Peak Cooling Loads 470_DATE,22-JAN
Annual Hourly Integrated Peak Cooling Loads 470_Hour,13
Annual Hourly Integrated Peak Cooling Loads 800_kW,1.03179
Annual Hourly Integrated Peak Cooling Loads 800_DATE,26-JUN
Annual Hourly Integrated Peak Cooling Loads 800_Hour,15
Annual Hourly Integrated Peak Cooling Loads 810_kW,2.23981
Annual Hourly Integrated Peak Cooling Loads 810_DATE,11-SEP
Annual Hourly Integrated Peak Cooling Loads 810_Hour,14
FF Max Hourly Zone Temperature 600FF_°C,64.4608
FF Max Hourly Zone Temperature 600FF_DATE,18-OCT
FF Max Hourly Zone Temperature 600FF_Hour,15
FF Max Hourly Zone Temperature 900FF_°C,44.6424
FF Max Hourly Zone Temperature 900FF_DATE,12-SEP
FF Max Hourly Zone Temperature 900FF_Hour,14
FF Max Hourly Zone Temperature 650FF_°C,68.1638
FF Max Hourly Zone Temperature 650FF_DATE,18-OCT
FF Max Hourly Zone Temperature 650FF_Hour,15
FF Max Hourly Zone Temperature 950FF_°C,37.4435
FF Max Hourly Zone Temperature 950FF_DATE,11-SEP
FF Max Hourly Zone Temperature 950FF_Hour,15
FF Max Hourly Zone Temperature 680FF_°C,63.5658
FF Max Hourly Zone Temperature 680FF_DATE,18-OCT
FF Max Hourly Zone Temperature 680FF_Hour,15
FF Max Hourly Zone Temperature 980FF_°C,44.9968
FF Max Hourly Zone Temperature 980FF_DATE,12-SEP
FF Max Hourly Zone Temperature 980FF_Hour,14
FF Max Hourly Zone Temperature 960_°C,49.9702
FF Max Hourly Zone Temperature 960_DATE,12-OCT
FF Max Hourly Zone Temperature 960_Hour,14
FF Min Hourly Zone Temperature 600FF_°C,-11.8941
FF Min Hourly Zone Temperature 600FF_DATE,09-FEB
FF Min Hourly Zone Temperature 600FF_Hour,6
FF Min Hourly Zone Temperature 900FF_°C,1.96466
FF Min Hourly Zone Temperature 900FF_DATE,09-FEB
FF Min Hourly Zone Temperature 900FF_Hour,6
FF Min Hourly Zone Temperature 650FF_°C,-16.8153
FF Min Hourly Zone Temperature 650FF_DATE,31-DEC
FF Min Hourly Zone Temperature 650FF_Hour,23
FF Min Hourly Zone Temperature 950FF_°C,-12.5717
FF Min Hourly Zone Temperature 950FF_DATE,09-FEB
FF Min Hourly Zone Temperature 950FF_Hour,5
FF Min Hourly Zone Temperature 680FF_°C,-11.2304
FF Min Hourly Zone Temperature 680FF_DATE,09-FEB
FF Min Hourly Zone Temperature 680FF_Hour,6
FF Min Hourly Zone Temperature 980FF_°C,3.05365
FF Min Hourly Zone Temperature 980FF_DATE,09-FEB
FF Min Hourly Zone Temperature 980FF_Hour,6
FF Min Hourly Zone Temperature 960_°C,5.45446
FF Min Hourly Zone Temperature 960_DATE,09-FEB
FF Min Hourly Zone Temperature 960_Hour,6
FF Average Hourly Zone Temperature 600FF,25.3685
FF Average Hourly Zone Temperature 900FF,25.5725
FF Average Hourly Zone Temperature 650FF,19.576
FF Average Hourly Zone Temperature 950FF,15.1976
FF Average Hourly Zone Temperature 680FF,25.6995
FF Average Hourly Zone Temperature 980FF,26.1607
FF Average Hourly Zone Temperature 960,27.9308
Annual Incident Total Case 600 600NORTH,438.218
Annual Incident Total Case 600 600EAST,1062.45
Annual Incident Total Case 600 600WEST,967.128
Annual Incident Total Case 600 600SOUTH,1370.64
Annual Incident Total Case 600 600HORZ.,1664.58
Unshaded Annual Transmitted Cases 620 and 600 920WEST,660.611
Unshaded Annual Transmitted Cases 620 and 600 900SOUTH,869.094
Unshaded Annual Transmitted Cases 660 and 670 660/South,""
Unshaded Annual Transmitted Cases 660 and 670 670/South,""
Shaded Annual Transmitted Cases 930 and 910 930WEST,479.511
Shaded Annual Transmitted Cases 930 and 910 910SOUTH,697.799
Hourly Incident Solar Radiation Cloudy Day May 4th Case 600 - South 1,0.0
Hourly Incident Solar Radiation Cloudy Day May 4th Case 600 - South 2,0.0
Hourly Incident Solar Radiation Cloudy Day May 4th Case 600 - South 3,0.0
Hourly Incident Solar Radiation Cloudy Day May 4th Case 600 - South 4,0.0
Hourly Incident Solar Radiation Cloudy Day May 4th Case 600 - South 5,0.0
Hourly Incident Solar Radiation Cloudy Day May 4th Case 600 - South 6,11.63
Hourly Incident Solar Radiation Cloudy Day May 4th Case 600 - South 7,34.88
Hourly Incident Solar Radiation Cloudy Day May 4th Case 600 - South 8,61.04
Hourly Incident Solar Radiation Cloudy Day May 4th Case 600 - South 9,85.35
Hourly Incident Solar Radiation Cloudy Day May 4th Case 600 - South 10,109.33
Hourly Incident Solar Radiation Cloudy Day May 4th Case 600 - South 11,140.58
Hourly Incident Solar Radiation Cloudy Day May 4th Case 600 - South 12,149.61
Hourly Incident Solar Radiation Cloudy Day May 4th Case 600 - South 13,147.68
Hourly Incident Solar Radiation Cloudy Day May 4th Case 600 - South 14,136.1
Hourly Incident Solar Radiation Cloudy Day May 4th Case 600 - South 15,116.69
Hourly Incident Solar Radiation Cloudy Day May 4th Case 600 - South 16,88.62
Hourly Incident Solar Radiation Cloudy Day May 4th Case 600 - South 17,51.88
Hourly Incident Solar Radiation Cloudy Day May 4th Case 600 - South 18,25.14
Hourly Incident Solar Radiation Cloudy Day May 4th Case 600 - South 19,5.25
Hourly Incident Solar Radiation Cloudy Day May 4th Case 600 - South 20,0.0
Hourly Incident Solar Radiation Cloudy Day May 4th Case 600 - South 21,0.0
Hourly Incident Solar Radiation Cloudy Day May 4th Case 600 - South 22,0.0
Hourly Incident Solar Radiation Cloudy Day May 4th Case 600 - South 23,0.0
Hourly Incident Solar Radiation Cloudy Day May 4th Case 600 - South 24,0.0
Hourly Incident Solar Radiation Cloudy Day May 4th Case 600 - West 1,0.0
Hourly Incident Solar Radiation Cloudy Day May 4th Case 600 - West 2,0.0
Hourly Incident Solar Radiation Cloudy Day May 4th Case 600 - West 3,0.0
Hourly Incident Solar Radiation Cloudy Day May 4th Case 600 - West 4,0.0
Hourly Incident Solar Radiation Cloudy Day May 4th Case 600 - West 5,0.0
Hourly Incident Solar Radiation Cloudy Day May 4th Case 600 - West 6,11.63
Hourly Incident Solar Radiation Cloudy Day May 4th Case 600 - West 7,34.88
Hourly Incident Solar Radiation Cloudy Day May 4th Case 600 - West 8,60.82
Hourly Incident Solar Radiation Cloudy Day May 4th Case 600 - West 9,83.96
Hourly Incident Solar Radiation Cloudy Day May 4th Case 600 - West 10,105.71
Hourly Incident Solar Radiation Cloudy Day May 4th Case 600 - West 11,132.87
Hourly Incident Solar Radiation Cloudy Day May 4th Case 600 - West 12,140.41
Hourly Incident Solar Radiation Cloudy Day May 4th Case 600 - West 13,142.66
Hourly Incident Solar Radiation Cloudy Day May 4th Case 600 - West 14,137.36
Hourly Incident Solar Radiation Cloudy Day May 4th Case 600 - West 15,122.53
Hourly Incident Solar Radiation Cloudy Day May 4th Case 600 - West 16,95.41
Hourly Incident Solar Radiation Cloudy Day May 4th Case 600 - West 17,53.34
Hourly Incident Solar Radiation Cloudy Day May 4th Case 600 - West 18,25.14
Hourly Incident Solar Radiation Cloudy Day May 4th Case 600 - West 19,5.25
Hourly Incident Solar Radiation Cloudy Day May 4th Case 600 - West 20,0.0
Hourly Incident Solar Radiation Cloudy Day May 4th Case 600 - West 21,0.0
Hourly Incident Solar Radiation Cloudy Day May 4th Case 600 - West 22,0.0
Hourly Incident Solar Radiation Cloudy Day May 4th Case 600 - West 23,0.0
Hourly Incident Solar Radiation Cloudy Day May 4th Case 600 - West 24,0.0
Hourly Incident Solar Radiation Clear Day July 14th Case 600 - South 1,0.0
Hourly Incident Solar Radiation Clear Day July 14th Case 600 - South 2,0.0
Hourly Incident Solar Radiation Clear Day July 14th Case 600 - South 3,0.0
Hourly Incident Solar Radiation Clear Day July 14th Case 600 - South 4,0.0
Hourly Incident Solar Radiation Clear Day July 14th Case 600 - South 5,2.58
Hourly Incident Solar Radiation Clear Day July 14th Case 600 - South 6,28.36
Hourly Incident Solar Radiation Clear Day July 14th Case 600 - South 7,56.56
Hourly Incident Solar Radiation Clear Day July 14th Case 600 - South 8,83.67
Hourly Incident Solar Radiation Clear Day July 14th Case 600 - South 9,184.99
Hourly Incident Solar Radiation Clear Day July 14th Case 600 - South 10,310.44
Hourly Incident Solar Radiation Clear Day July 14th Case 600 - South 11,399.66
Hourly Incident Solar Radiation Clear Day July 14th Case 600 - South 12,444.52
Hourly Incident Solar Radiation Clear Day July 14th Case 600 - South 13,441.68
Hourly Incident Solar Radiation Clear Day July 14th Case 600 - South 14,391.99
Hourly Incident Solar Radiation Clear Day July 14th Case 600 - South 15,298.55
Hourly Incident Solar Radiation Clear Day July 14th Case 600 - South 16,169.68
Hourly Incident Solar Radiation Clear Day July 14th Case 600 - South 17,80.49
Hourly Incident Solar Radiation Clear Day July 14th Case 600 - South 18,53.66
Hourly Incident Solar Radiation Clear Day July 14th Case 600 - South 19,24.99
Hourly Incident Solar Radiation Clear Day July 14th Case 600 - South 20,1.75
Hourly Incident Solar Radiation Clear Day July 14th Case 600 - South 21,0.0
Hourly Incident Solar Radiation Clear Day July 14th Case 600 - South 22,0.0
Hourly Incident Solar Radiation Clear Day July 14th Case 600 - South 23,0.0
Hourly Incident Solar Radiation Clear Day July 14th Case 600 - South 24,0.0
Hourly Incident Solar Radiation Clear Day July 14th Case 600 - West 1,0.0
Hourly Incident Solar Radiation Clear Day July 14th Case 600 - West 2,0.0
Hourly Incident Solar Radiation Clear Day July 14th Case 600 - West 3,0.0
Hourly Incident Solar Radiation Clear Day July 14th Case 600 - West 4,0.0
Hourly Incident Solar Radiation Clear Day July 14th Case 600 - West 5,2.58
Hourly Incident Solar Radiation Clear Day July 14th Case 600 - West 6,28.36
Hourly Incident Solar Radiation Clear Day July 14th Case 600 - West 7,56.56
Hourly Incident Solar Radiation Clear Day July 14th Case 600 - West 8,83.02
Hourly Incident Solar Radiation Clear Day July 14th Case 600 - West 9,104.92
Hourly Incident Solar Radiation Clear Day July 14th Case 600 - West 10,120.0
Hourly Incident Solar Radiation Clear Day July 14th Case 600 - West 11,128.5
Hourly Incident Solar Radiation Clear Day July 14th Case 600 - West 12,131.61
Hourly Incident Solar Radiation Clear Day July 14th Case 600 - West 13,269.14
Hourly Incident Solar Radiation Clear Day July 14th Case 600 - West 14,500.71
Hourly Incident Solar Radiation Clear Day July 14th Case 600 - West 15,690.75
Hourly Incident Solar Radiation Clear Day July 14th Case 600 - West 16,815.76
Hourly Incident Solar Radiation Clear Day July 14th Case 600 - West 17,853.17
Hourly Incident Solar Radiation Clear Day July 14th Case 600 - West 18,772.05
Hourly Incident Solar Radiation Clear Day July 14th Case 600 - West 19,512.85
Hourly Incident Solar Radiation Clear Day July 14th Case 600 - West 20,52.48
Hourly Incident Solar Radiation Clear Day July 14th Case 600 - West 21,0.0
Hourly Incident Solar Radiation Clear Day July 14th Case 600 - West 22,0.0
Hourly Incident Solar Radiation Clear Day July 14th Case 600 - West 23,0.0
Hourly Incident Solar Radiation Clear Day July 14th Case 600 - West 24,0.0
Hourly Heating and Cooling Load February 1 and July 14th Multiple Test Cases 1,2.12
Hourly Heating and Cooling Load February 1 and July 14th Multiple Test Cases 2,2.19
Hourly Heating and Cooling Load February 1 and July 14th Multiple Test Cases 3,2.24
Hourly Heating and Cooling Load February 1 and July 14th Multiple Test Cases 4,2.29
Hourly Heating and Cooling Load February 1 and July 14th Multiple Test Cases 5,2.31
Hourly Heating and Cooling Load February 1 and July 14th Multiple Test Cases 6,2.32
Hourly Heating and Cooling Load February 1 and July 14th Multiple Test Cases 7,2.32
Hourly Heating and Cooling Load February 1 and July 14th Multiple Test Cases 8,1.75
Hourly Heating and Cooling Load February 1 and July 14th Multiple Test Cases 9,0.37
Hourly Heating and Cooling Load February 1 and July 14th Multiple Test Cases 10,-0.01
Hourly Heating and Cooling Load February 1 and July 14th Multiple Test Cases 11,-1.67
Hourly Heating and Cooling Load February 1 and July 14th Multiple Test Cases 12,-3.83
Hourly Heating and Cooling Load February 1 and July 14th Multiple Test Cases 13,-5.03
Hourly Heating and Cooling Load February 1 and July 14th Multiple Test Cases 14,-5.21
Hourly Heating and Cooling Load February 1 and July 14th Multiple Test Cases 15,-4.43
Hourly Heating and Cooling Load February 1 and July 14th Multiple Test Cases 16,-3.11
Hourly Heating and Cooling Load February 1 and July 14th Multiple Test Cases 17,-1.34
Hourly Heating and Cooling Load February 1 and July 14th Multiple Test Cases 18,0.0
Hourly Heating and Cooling Load February 1 and July 14th Multiple Test Cases 19,0.07
Hourly Heating and Cooling Load February 1 and July 14th Multiple Test Cases 20,0.91
Hourly Heating and Cooling Load February 1 and July 14th Multiple Test Cases 21,1.59
Hourly Heating and Cooling Load February 1 and July 14th Multiple Test Cases 22,2.02
Hourly Heating and Cooling Load February 1 and July 14th Multiple Test Cases 23,2.28
Hourly Heating and Cooling Load February 1 and July 14th Multiple Test Cases 24,2.39
Hourly Heating and Cooling Load February 1 and July 14th Multiple Test Cases 1,0.03
Hourly Heating and Cooling Load February 1 and July 14th Multiple Test Cases 2,0.47
Hourly Heating and Cooling Load February 1 and July 14th Multiple Test Cases 3,0.86
Hourly Heating and Cooling Load February 1 and July 14th Multiple Test Cases 4,1.1
Hourly Heating and Cooling Load February 1 and July 14th Multiple Test Cases 5,1.23
Hourly Heating and Cooling Load February 1 and July 14th Multiple Test Cases 6,1.3
Hourly Heating and Cooling Load February 1 and July 14th Multiple Test Cases 7,1.35
Hourly Heating and Cooling Load February 1 and July 14th Multiple Test Cases 8,4.22
Hourly Heating and Cooling Load February 1 and July 14th Multiple Test Cases 9,1.2
Hourly Heating and Cooling Load February 1 and July 14th Multiple Test Cases 10,0.0
Hourly Heating and Cooling Load February 1 and July 14th Multiple Test Cases 11,-1.06
Hourly Heating and Cooling Load February 1 and July 14th Multiple Test Cases 12,-3.52
Hourly Heating and Cooling Load February 1 and July 14th Multiple Test Cases 13,-4.9
Hourly Heating and Cooling Load February 1 and July 14th Multiple Test Cases 14,-5.17
Hourly Heating and Cooling Load February 1 and July 14th Multiple Test Cases 15,-4.41
Hourly Heating and Cooling Load February 1 and July 14th Multiple Test Cases 16,-3.11
Hourly Heating and Cooling Load February 1 and July 14th Multiple Test Cases 17,-1.34
Hourly Heating and Cooling Load February 1 and July 14th Multiple Test Cases 18,0.0
Hourly Heating and Cooling Load February 1 and July 14th Multiple Test Cases 19,0.07
Hourly Heating and Cooling Load February 1 and July 14th Multiple Test Cases 20,0.91
Hourly Heating and Cooling Load February 1 and July 14th Multiple Test Cases 21,1.59
Hourly Heating and Cooling Load February 1 and July 14th Multiple Test Cases 22,2.02
Hourly Heating and Cooling Load February 1 and July 14th Multiple Test Cases 23,2.28
Hourly Heating and Cooling Load February 1 and July 14th Multiple Test Cases 24,0.0
Hourly Heating and Cooling Load February 1 and July 14th Multiple Test Cases 1,1.63
Hourly Heating and Cooling Load February 1 and July 14th Multiple Test Cases 2,1.69
Hourly Heating and Cooling Load February 1 and July 14th Multiple Test Cases 3,1.72
Hourly Heating and Cooling Load February 1 and July 14th Multiple Test Cases 4,1.76
Hourly Heating and Cooling Load February 1 and July 14th Multiple Test Cases 5,1.77
Hourly Heating and Cooling Load February 1 and July 14th Multiple Test Cases 6,1.78
Hourly Heating and Cooling Load February 1 and July 14th Multiple Test Cases 7,1.79
Hourly Heating and Cooling Load February 1 and July 14th Multiple Test Cases 8,1.37
Hourly Heating and Cooling Load February 1 and July 14th Multiple Test Cases 9,0.4
Hourly Heating and Cooling Load February 1 and July 14th Multiple Test Cases 10,0.0
Hourly Heating and Cooling Load February 1 and July 14th Multiple Test Cases 11,-0.23
Hourly Heating and Cooling Load February 1 and July 14th Multiple Test Cases 12,-1.71
Hourly Heating and Cooling Load February 1 and July 14th Multiple Test Cases 13,-2.82
Hourly Heating and Cooling Load February 1 and July 14th Multiple Test Cases 14,-3.14
Hourly Heating and Cooling Load February 1 and July 14th Multiple Test Cases 15,-2.73
Hourly Heating and Cooling Load February 1 and July 14th Multiple Test Cases 16,-1.91
Hourly Heating and Cooling Load February 1 and July 14th Multiple Test Cases 17,-0.76
Hourly Heating and Cooling Load February 1 and July 14th Multiple Test Cases 18,0.0
Hourly Heating and Cooling Load February 1 and July 14th Multiple Test Cases 19,0.0
Hourly Heating and Cooling Load February 1 and July 14th Multiple Test Cases 20,0.36
Hourly Heating and Cooling Load February 1 and July 14th Multiple Test Cases 21,1.05
Hourly Heating and Cooling Load February 1 and July 14th Multiple Test Cases 22,1.46
Hourly Heating and Cooling Load February 1 and July 14th Multiple Test Cases 23,1.72
Hourly Heating and Cooling Load February 1 and July 14th Multiple Test Cases 24,1.83
Hourly Heating and Cooling Load February 1 and July 14th Multiple Test Cases 1,1.68
Hourly Heating and Cooling Load February 1 and July 14th Multiple Test Cases 2,1.75
Hourly Heating and Cooling Load February 1 and July 14th Multiple Test Cases 3,1.79
Hourly Heating and Cooling Load February 1 and July 14th Multiple Test Cases 4,1.84
Hourly Heating and Cooling Load February 1 and July 14th Multiple Test Cases 5,1.85
Hourly Heating and Cooling Load February 1 and July 14th Multiple Test Cases 6,1.86
Hourly Heating and Cooling Load February 1 and July 14th Multiple Test Cases 7,1.86
Hourly Heating and Cooling Load February 1 and July 14th Multiple Test Cases 8,1.23
Hourly Heating and Cooling Load February 1 and July 14th Multiple Test Cases 9,0.08
Hourly Heating and Cooling Load February 1 and July 14th Multiple Test Cases 10,-0.59
Hourly Heating and Cooling Load February 1 and July 14th Multiple Test Cases 11,-3.52
Hourly Heating and Cooling Load February 1 and July 14th Multiple Test Cases 12,-5.66
Hourly Heating and Cooling Load February 1 and July 14th Multiple Test Cases 13,-6.79
Hourly Heating and Cooling Load February 1 and July 14th Multiple Test Cases 14,-6.94
Hourly Heating and Cooling Load February 1 and July 14th Multiple Test Cases 15,-6.1
Hourly Heating and Cooling Load February 1 and July 14th Multiple Test Cases 16,-4.64
Hourly Heating and Cooling Load February 1 and July 14th Multiple Test Cases 17,-2.58
Hourly Heating and Cooling Load February 1 and July 14th Multiple Test Cases 18,-0.31
Hourly Heating and Cooling Load February 1 and July 14th Multiple Test Cases 19,0.0
Hourly Heating and Cooling Load February 1 and July 14th Multiple Test Cases 20,0.11
Hourly Heating and Cooling Load February 1 and July 14th Multiple Test Cases 21,0.86
Hourly Heating and Cooling Load February 1 and July 14th Multiple Test Cases 22,1.39
Hourly Heating and Cooling Load February 1 and July 14th Multiple Test Cases 23,1.71
Hourly Heating and Cooling Load February 1 and July 14th Multiple Test Cases 24,1.87
Hourly Heating and Cooling Load February 1 and July 14th Multiple Test Cases 1,2.03
Hourly Heating and Cooling Load February 1 and July 14th Multiple Test Cases 2,2.11
Hourly Heating and Cooling Load February 1 and July 14th Multiple Test Cases 3,2.16
Hourly Heating and Cooling Load February 1 and July 14th Multiple Test Cases 4,2.22
Hourly Heating and Cooling Load February 1 and July 14th Multiple Test Cases 5,2.24
Hourly Heating and Cooling Load February 1 and July 14th Multiple Test Cases 6,2.25
Hourly Heating and Cooling Load February 1 and July 14th Multiple Test Cases 7,2.25
Hourly Heating and Cooling Load February 1 and July 14th Multiple Test Cases 8,1.71
Hourly Heating and Cooling Load February 1 and July 14th Multiple Test Cases 9,0.39
Hourly Heating and Cooling Load February 1 and July 14th Multiple Test Cases 10,0.0
Hourly Heating and Cooling Load February 1 and July 14th Multiple Test Cases 11,-1.53
Hourly Heating and Cooling Load February 1 and July 14th Multiple Test Cases 12,-3.72
Hourly Heating and Cooling Load February 1 and July 14th Multiple Test Cases 13,-4.95
Hourly Heating and Cooling Load February 1 and July 14th Multiple Test Cases 14,-5.19
Hourly Heating and Cooling Load February 1 and July 14th Multiple Test Cases 15,-4.51
Hourly Heating and Cooling Load February 1 and July 14th Multiple Test Cases 16,-3.24
Hourly Heating and Cooling Load February 1 and July 14th Multiple Test Cases 17,-1.5
Hourly Heating and Cooling Load February 1 and July 14th Multiple Test Cases 18,-0.03
Hourly Heating and Cooling Load February 1 and July 14th Multiple Test Cases 19,0.0
Hourly Heating and Cooling Load February 1 and July 14th Multiple Test Cases 20,0.61
Hourly Heating and Cooling Load February 1 and July 14th Multiple Test Cases 21,1.35
Hourly Heating and Cooling Load February 1 and July 14th Multiple Test Cases 22,1.82
Hourly Heating and Cooling Load February 1 and July 14th Multiple Test Cases 23,2.12
Hourly Heating and Cooling Load February 1 and July 14th Multiple Test Cases 24,2.27
Hourly Heating and Cooling Load February 1 and July 14th Multiple Test Cases 1,2.15
Hourly Heating and Cooling Load February 1 and July 14th Multiple Test Cases 2,2.21
Hourly Heating and Cooling Load February 1 and July 14th Multiple Test Cases 3,2.25
Hourly Heating and Cooling Load February 1 and July 14th Multiple Test Cases 4,2.3
Hourly Heating and Cooling Load February 1 and July 14th Multiple Test Cases 5,2.32
Hourly Heating and Cooling Load February 1 and July 14th Multiple Test Cases 6,2.32
Hourly Heating and Cooling Load February 1 and July 14th Multiple Test Cases 7,2.32
Hourly Heating and Cooling Load February 1 and July 14th Multiple Test Cases 8,1.75
Hourly Heating and Cooling Load February 1 and July 14th Multiple Test Cases 9,0.3
Hourly Heating and Cooling Load February 1 and July 14th Multiple Test Cases 10,-1.61
Hourly Heating and Cooling Load February 1 and July 14th Multiple Test Cases 11,-3.59
Hourly Heating and Cooling Load February 1 and July 14th Multiple Test Cases 12,-5.06
Hourly Heating and Cooling Load February 1 and July 14th Multiple Test Cases 13,-5.94
Hourly Heating and Cooling Load February 1 and July 14th Multiple Test Cases 14,-5.98
Hourly Heating and Cooling Load February 1 and July 14th Multiple Test Cases 15,-5.12
Hourly Heating and Cooling Load February 1 and July 14th Multiple Test Cases 16,-3.79
Hourly Heating and Cooling Load February 1 and July 14th Multiple Test Cases 17,-1.98
Hourly Heating and Cooling Load February 1 and July 14th Multiple Test Cases 18,0.06
Hourly Heating and Cooling Load February 1 and July 14th Multiple Test Cases 19,1.08
Hourly Heating and Cooling Load February 1 and July 14th Multiple Test Cases 20,1.66
Hourly Heating and Cooling Load February 1 and July 14th Multiple Test Cases 21,2.0
Hourly Heating and Cooling Load February 1 and July 14th Multiple Test Cases 22,2.24
Hourly Heating and Cooling Load February 1 and July 14th Multiple Test Cases 23,2.4
Hourly Heating and Cooling Load February 1 and July 14th Multiple Test Cases 24,2.46
Hourly Heating and Cooling Load February 1 and July 14th Multiple Test Cases 1,2.08
Hourly Heating and Cooling Load February 1 and July 14th Multiple Test Cases 2,2.13
Hourly Heating and Cooling Load February 1 and July 14th Multiple Test Cases 3,2.18
Hourly Heating and Cooling Load February 1 and July 14th Multiple Test Cases 4,2.23
Hourly Heating and Cooling Load February 1 and July 14th Multiple Test Cases 5,2.25
Hourly Heating and Cooling Load February 1 and July 14th Multiple Test Cases 6,2.25
Hourly Heating and Cooling Load February 1 and July 14th Multiple Test Cases 7,2.25
Hourly Heating and Cooling Load February 1 and July 14th Multiple Test Cases 8,1.71
Hourly Heating and Cooling Load February 1 and July 14th Multiple Test Cases 9,0.33
Hourly Heating and Cooling Load February 1 and July 14th Multiple Test Cases 10,-1.53
Hourly Heating and Cooling Load February 1 and July 14th Multiple Test Cases 11,-3.52
Hourly Heating and Cooling Load February 1 and July 14th Multiple Test Cases 12,-5.01
Hourly Heating and Cooling Load February 1 and July 14th Multiple Test Cases 13,-5.89
Hourly Heating and Cooling Load February 1 and July 14th Multiple Test Cases 14,-5.96
Hourly Heating and Cooling Load February 1 and July 14th Multiple Test Cases 15,-5.2
Hourly Heating and Cooling Load February 1 and July 14th Multiple Test Cases 16,-3.9
Hourly Heating and Cooling Load February 1 and July 14th Multiple Test Cases 17,-2.13
Hourly Heating and Cooling Load February 1 and July 14th Multiple Test Cases 18,-0.10999999999999999
Hourly Heating and Cooling Load February 1 and July 14th Multiple Test Cases 19,0.87
Hourly Heating and Cooling Load February 1 and July 14th Multiple Test Cases 20,1.48
Hourly Heating and Cooling Load February 1 and July 14th Multiple Test Cases 21,1.85
Hourly Heating and Cooling Load February 1 and July 14th Multiple Test Cases 22,2.11
Hourly Heating and Cooling Load February 1 and July 14th Multiple Test Cases 23,2.28
Hourly Heating and Cooling Load February 1 and July 14th Multiple Test Cases 24,2.36
Hourly Heating and Cooling Load February 1 and July 14th Multiple Test Cases 1,0.88
Hourly Heating and Cooling Load February 1 and July 14th Multiple Test Cases 2,1.0
Hourly Heating and Cooling Load February 1 and July 14th Multiple Test Cases 3,1.1
Hourly Heating and Cooling Load February 1 and July 14th Multiple Test Cases 4,1.21
Hourly Heating and Cooling Load February 1 and July 14th Multiple Test Cases 5,1.28
Hourly Heating and Cooling Load February 1 and July 14th Multiple Test Cases 6,1.36
Hourly Heating and Cooling Load February 1 and July 14th Multiple Test Cases 7,1.43
Hourly Heating and Cooling Load February 1 and July 14th Multiple Test Cases 8,1.23
Hourly Heating and Cooling Load February 1 and July 14th Multiple Test Cases 9,0.72
Hourly Heating and Cooling Load February 1 and July 14th Multiple Test Cases 10,0.19
Hourly Heating and Cooling Load February 1 and July 14th Multiple Test Cases 11,0.0
Hourly Heating and Cooling Load February 1 and July 14th Multiple Test Cases 12,0.0
Hourly Heating and Cooling Load February 1 and July 14th Multiple Test Cases 13,0.0
Hourly Heating and Cooling Load February 1 and July 14th Multiple Test Cases 14,-0.08
Hourly Heating and Cooling Load February 1 and July 14th Multiple Test Cases 15,-0.27
Hourly Heating and Cooling Load February 1 and July 14th Multiple Test Cases 16,-0.22
Hourly Heating and Cooling Load February 1 and July 14th Multiple Test Cases 17,-0.01
Hourly Heating and Cooling Load February 1 and July 14th Multiple Test Cases 18,0.0
Hourly Heating and Cooling Load February 1 and July 14th Multiple Test Cases 19,0.0
Hourly Heating and Cooling Load February 1 and July 14th Multiple Test Cases 20,0.0
Hourly Heating and Cooling Load February 1 and July 14th Multiple Test Cases 21,0.0
Hourly Heating and Cooling Load February 1 and July 14th Multiple Test Cases 22,0.0
Hourly Heating and Cooling Load February 1 and July 14th Multiple Test Cases 23,0.02
Hourly Heating and Cooling Load February 1 and July 14th Multiple Test Cases 24,0.21
Hourly Heating and Cooling Load February 1 and July 14th Multiple Test Cases 1,0.0
Hourly Heating and Cooling Load February 1 and July 14th Multiple Test Cases 2,0.0
Hourly Heating and Cooling Load February 1 and July 14th Multiple Test Cases 3,0.0
Hourly Heating and Cooling Load February 1 and July 14th Multiple Test Cases 4,0.0
Hourly Heating and Cooling Load February 1 and July 14th Multiple Test Cases 5,0.0
Hourly Heating and Cooling Load February 1 and July 14th Multiple Test Cases 6,0.0
Hourly Heating and Cooling Load February 1 and July 14th Multiple Test Cases 7,0.0
Hourly Heating and Cooling Load February 1 and July 14th Multiple Test Cases 8,2.38
Hourly Heating and Cooling Load February 1 and July 14th Multiple Test Cases 9,1.27
Hourly Heating and Cooling Load February 1 and July 14th Multiple Test Cases 10,0.67
Hourly Heating and Cooling Load February 1 and July 14th Multiple Test Cases 11,0.12
Hourly Heating and Cooling Load February 1 and July 14th Multiple Test Cases 12,0.0
Hourly Heating and Cooling Load February 1 and July 14th Multiple Test Cases 13,0.0
Hourly Heating and Cooling Load February 1 and July 14th Multiple Test Cases 14,0.0
Hourly Heating and Cooling Load February 1 and July 14th Multiple Test Cases 15,0.0
Hourly Heating and Cooling Load February 1 and July 14th Multiple Test Cases 16,0.0
Hourly Heating and Cooling Load February 1 and July 14th Multiple Test Cases 17,0.0
Hourly Heating and Cooling Load February 1 and July 14th Multiple Test Cases 18,0.0
Hourly Heating and Cooling Load February 1 and July 14th Multiple Test Cases 19,0.0
Hourly Heating and Cooling Load February 1 and July 14th Multiple Test Cases 20,0.0
Hourly Heating and Cooling Load February 1 and July 14th Multiple Test Cases 21,0.0
Hourly Heating and Cooling Load February 1 and July 14th Multiple Test Cases 22,0.1
Hourly Heating and Cooling Load February 1 and July 14th Multiple Test Cases 23,0.35
Hourly Heating and Cooling Load February 1 and July 14th Multiple Test Cases 24,0.0
Hourly Heating and Cooling Load February 1 and July 14th Multiple Test Cases 1,0.74
Hourly Heating and Cooling Load February 1 and July 14th Multiple Test Cases 2,0.85
Hourly Heating and Cooling Load February 1 and July 14th Multiple Test Cases 3,0.96
Hourly Heating and Cooling Load February 1 and July 14th Multiple Test Cases 4,1.06
Hourly Heating and Cooling Load February 1 and July 14th Multiple Test Cases 5,1.14
Hourly Heating and Cooling Load February 1 and July 14th Multiple Test Cases 6,1.21
Hourly Heating and Cooling Load February 1 and July 14th Multiple Test Cases 7,1.27
Hourly Heating and Cooling Load February 1 and July 14th Multiple Test Cases 8,1.09
Hourly Heating and Cooling Load February 1 and July 14th Multiple Test Cases 9,0.62
Hourly Heating and Cooling Load February 1 and July 14th Multiple Test Cases 10,0.12
Hourly Heating and Cooling Load February 1 and July 14th Multiple Test Cases 11,0.0
Hourly Heating and Cooling Load February 1 and July 14th Multiple Test Cases 12,0.0
Hourly Heating and Cooling Load February 1 and July 14th Multiple Test Cases 13,0.0
Hourly Heating and Cooling Load February 1 and July 14th Multiple Test Cases 14,-0.17
Hourly Heating and Cooling Load February 1 and July 14th Multiple Test Cases 15,-0.39
Hourly Heating and Cooling Load February 1 and July 14th Multiple Test Cases 16,-0.35
Hourly Heating and Cooling Load February 1 and July 14th Multiple Test Cases 17,-0.07
Hourly Heating and Cooling Load February 1 and July 14th Multiple Test Cases 18,0.0
Hourly Heating and Cooling Load February 1 and July 14th Multiple Test Cases 19,0.0
Hourly Heating and Cooling Load February 1 and July 14th Multiple Test Cases 20,0.0
Hourly Heating and Cooling Load February 1 and July 14th Multiple Test Cases 21,0.0
Hourly Heating and Cooling Load February 1 and July 14th Multiple Test Cases 22,0.0
Hourly Heating and Cooling Load February 1 and July 14th Multiple Test Cases 23,0.0
Hourly Heating and Cooling Load February 1 and July 14th Multiple Test Cases 24,0.03
Hourly Heating and Cooling Load February 1 and July 14th Multiple Test Cases 1,1.08
Hourly Heating and Cooling Load February 1 and July 14th Multiple Test Cases 2,1.18
Hourly Heating and Cooling Load February 1 and July 14th Multiple Test Cases 3,1.28
Hourly Heating and Cooling Load February 1 and July 14th Multiple Test Cases 4,1.38
Hourly Heating and Cooling Load February 1 and July 14th Multiple Test Cases 5,1.45
Hourly Heating and Cooling Load February 1 and July 14th Multiple Test Cases 6,1.51
Hourly Heating and Cooling Load February 1 and July 14th Multiple Test Cases 7,1.57
Hourly Heating and Cooling Load February 1 and July 14th Multiple Test Cases 8,1.35
Hourly Heating and Cooling Load February 1 and July 14th Multiple Test Cases 9,0.82
Hourly Heating and Cooling Load February 1 and July 14th Multiple Test Cases 10,0.29
Hourly Heating and Cooling Load February 1 and July 14th Multiple Test Cases 11,-0.38
Hourly Heating and Cooling Load February 1 and July 14th Multiple Test Cases 12,-1.1
Hourly Heating and Cooling Load February 1 and July 14th Multiple Test Cases 13,-1.82
Hourly Heating and Cooling Load February 1 and July 14th Multiple Test Cases 14,-2.23
Hourly Heating and Cooling Load February 1 and July 14th Multiple Test Cases 15,-2.31
Hourly Heating and Cooling Load February 1 and July 14th Multiple Test Cases 16,-2.11
Hourly Heating and Cooling Load February 1 and July 14th Multiple Test Cases 17,-1.58
Hourly Heating and Cooling Load February 1 and July 14th Multiple Test Cases 18,-0.77
Hourly Heating and Cooling Load February 1 and July 14th Multiple Test Cases 19,-0.31
Hourly Heating and Cooling Load February 1 and July 14th Multiple Test Cases 20,-0.010000000000000002
Hourly Heating and Cooling Load February 1 and July 14th Multiple Test Cases 21,0.23
Hourly Heating and Cooling Load February 1 and July 14th Multiple Test Cases 22,0.48
Hourly Heating and Cooling Load February 1 and July 14th Multiple Test Cases 23,0.68
Hourly Heating and Cooling Load February 1 and July 14th Multiple Test Cases 24,0.81
Hourly Heating and Cooling Load February 1 and July 14th Multiple Test Cases 1,0.98
Hourly Heating and Cooling Load February 1 and July 14th Multiple Test Cases 2,1.07
Hourly Heating and Cooling Load February 1 and July 14th Multiple Test Cases 3,1.16
Hourly Heating and Cooling Load February 1 and July 14th Multiple Test Cases 4,1.26
Hourly Heating and Cooling Load February 1 and July 14th Multiple Test Cases 5,1.32
Hourly Heating and Cooling Load February 1 and July 14th Multiple Test Cases 6,1.39
Hourly Heating and Cooling Load February 1 and July 14th Multiple Test Cases 7,1.44
Hourly Heating and Cooling Load February 1 and July 14th Multiple Test Cases 8,1.24
Hourly Heating and Cooling Load February 1 and July 14th Multiple Test Cases 9,0.74
Hourly Heating and Cooling Load February 1 and July 14th Multiple Test Cases 10,0.22
Hourly Heating and Cooling Load February 1 and July 14th Multiple Test Cases 11,-0.44
Hourly Heating and Cooling Load February 1 and July 14th Multiple Test Cases 12,-1.18
Hourly Heating and Cooling Load February 1 and July 14th Multiple Test Cases 13,-1.89
Hourly Heating and Cooling Load February 1 and July 14th Multiple Test Cases 14,-2.29
Hourly Heating and Cooling Load February 1 and July 14th Multiple Test Cases 15,-2.4
Hourly Heating and Cooling Load February 1 and July 14th Multiple Test Cases 16,-2.22
Hourly Heating and Cooling Load February 1 and July 14th Multiple Test Cases 17,-1.7
Hourly Heating and Cooling Load February 1 and July 14th Multiple Test Cases 18,-0.88
Hourly Heating and Cooling Load February 1 and July 14th Multiple Test Cases 19,-0.43
Hourly Heating and Cooling Load February 1 and July 14th Multiple Test Cases 20,-0.11
Hourly Heating and Cooling Load February 1 and July 14th Multiple Test Cases 21,0.14
Hourly Heating and Cooling Load February 1 and July 14th Multiple Test Cases 22,0.35
Hourly Heating and Cooling Load February 1 and July 14th Multiple Test Cases 23,0.55
Hourly Heating and Cooling Load February 1 and July 14th Multiple Test Cases 24,0.69
Hourly Heating and Cooling Load February 1 and July 14th Multiple Test Cases 1,0.0
Hourly Heating and Cooling Load February 1 and July 14th Multiple Test Cases 2,0.0
Hourly Heating and Cooling Load February 1 and July 14th Multiple Test Cases 3,0.0
Hourly Heating and Cooling Load February 1 and July 14th Multiple Test Cases 4,0.0
Hourly Heating and Cooling Load February 1 and July 14th Multiple Test Cases 5,0.0
Hourly Heating and Cooling Load February 1 and July 14th Multiple Test Cases 6,0.0
Hourly Heating and Cooling Load February 1 and July 14th Multiple Test Cases 7,0.0
Hourly Heating and Cooling Load February 1 and July 14th Multiple Test Cases 8,0.0
Hourly Heating and Cooling Load February 1 and July 14th Multiple Test Cases 9,0.0
Hourly Heating and Cooling Load February 1 and July 14th Multiple Test Cases 10,-0.37
Hourly Heating and Cooling Load February 1 and July 14th Multiple Test Cases 11,-1.49
Hourly Heating and Cooling Load February 1 and July 14th Multiple Test Cases 12,-2.46
Hourly Heating and Cooling Load February 1 and July 14th Multiple Test Cases 13,-2.89
Hourly Heating and Cooling Load February 1 and July 14th Multiple Test Cases 14,-2.95
Hourly Heating and Cooling Load February 1 and July 14th Multiple Test Cases 15,-2.66
Hourly Heating and Cooling Load February 1 and July 14th Multiple Test Cases 16,-2.21
Hourly Heating and Cooling Load February 1 and July 14th Multiple Test Cases 17,-1.75
Hourly Heating and Cooling Load February 1 and July 14th Multiple Test Cases 18,-1.35
Hourly Heating and Cooling Load February 1 and July 14th Multiple Test Cases 19,-0.95
Hourly Heating and Cooling Load February 1 and July 14th Multiple Test Cases 20,-0.53
Hourly Heating and Cooling Load February 1 and July 14th Multiple Test Cases 21,-0.21
Hourly Heating and Cooling Load February 1 and July 14th Multiple Test Cases 22,-0.03
Hourly Heating and Cooling Load February 1 and July 14th Multiple Test Cases 23,0.0
Hourly Heating and Cooling Load February 1 and July 14th Multiple Test Cases 24,0.0
Hourly Heating and Cooling Load February 1 and July 14th Multiple Test Cases 1,0.0
Hourly Heating and Cooling Load February 1 and July 14th Multiple Test Cases 2,0.0
Hourly Heating and Cooling Load February 1 and July 14th Multiple Test Cases 3,0.0
Hourly Heating and Cooling Load February 1 and July 14th Multiple Test Cases 4,0.0
Hourly Heating and Cooling Load February 1 and July 14th Multiple Test Cases 5,0.0
Hourly Heating and Cooling Load February 1 and July 14th Multiple Test Cases 6,0.0
Hourly Heating and Cooling Load February 1 and July 14th Multiple Test Cases 7,0.0
Hourly Heating and Cooling Load February 1 and July 14th Multiple Test Cases 8,0.0
Hourly Heating and Cooling Load February 1 and July 14th Multiple Test Cases 9,0.0
Hourly Heating and Cooling Load February 1 and July 14th Multiple Test Cases 10,-0.37
Hourly Heating and Cooling Load February 1 and July 14th Multiple Test Cases 11,-1.19
Hourly Heating and Cooling Load February 1 and July 14th Multiple Test Cases 12,-1.91
Hourly Heating and Cooling Load February 1 and July 14th Multiple Test Cases 13,-2.22
Hourly Heating and Cooling Load February 1 and July 14th Multiple Test Cases 14,-2.27
Hourly Heating and Cooling Load February 1 and July 14th Multiple Test Cases 15,-2.1
Hourly Heating and Cooling Load February 1 and July 14th Multiple Test Cases 16,-1.8
Hourly Heating and Cooling Load February 1 and July 14th Multiple Test Cases 17,-1.46
Hourly Heating and Cooling Load February 1 and July 14th Multiple Test Cases 18,-1.16
Hourly Heating and Cooling Load February 1 and July 14th Multiple Test Cases 19,-0.85
Hourly Heating and Cooling Load February 1 and July 14th Multiple Test Cases 20,-0.52
Hourly Heating and Cooling Load February 1 and July 14th Multiple Test Cases 21,-0.24
Hourly Heating and Cooling Load February 1 and July 14th Multiple Test Cases 22,-0.09
Hourly Heating and Cooling Load February 1 and July 14th Multiple Test Cases 23,-0.01
Hourly Heating and Cooling Load February 1 and July 14th Multiple Test Cases 24,0.0
Hourly Heating and Cooling Load February 1 and July 14th Multiple Test Cases 1,0.0
Hourly Heating and Cooling Load February 1 and July 14th Multiple Test Cases 2,0.0
Hourly Heating and Cooling Load February 1 and July 14th Multiple Test Cases 3,0.0
Hourly Heating and Cooling Load February 1 and July 14th Multiple Test Cases 4,0.0
Hourly Heating and Cooling Load February 1 and July 14th Multiple Test Cases 5,0.0
Hourly Heating and Cooling Load February 1 and July 14th Multiple Test Cases 6,0.0
Hourly Heating and Cooling Load February 1 and July 14th Multiple Test Cases 7,0.0
Hourly Heating and Cooling Load February 1 and July 14th Multiple Test Cases 8,0.0
Hourly Heating and Cooling Load February 1 and July 14th Multiple Test Cases 9,-0.06
Hourly Heating and Cooling Load February 1 and July 14th Multiple Test Cases 10,-0.96
Hourly Heating and Cooling Load February 1 and July 14th Multiple Test Cases 11,-2.23
Hourly Heating and Cooling Load February 1 and July 14th Multiple Test Cases 12,-3.27
Hourly Heating and Cooling Load February 1 and July 14th Multiple Test Cases 13,-3.71
Hourly Heating and Cooling Load February 1 and July 14th Multiple Test Cases 14,-3.72
Hourly Heating and Cooling Load February 1 and July 14th Multiple Test Cases 15,-3.29
Hourly Heating and Cooling Load February 1 and July 14th Multiple Test Cases 16,-2.64
Hourly Heating and Cooling Load February 1 and July 14th Multiple Test Cases 17,-2.01
Hourly Heating and Cooling Load February 1 and July 14th Multiple Test Cases 18,-1.52
Hourly Heating and Cooling Load February 1 and July 14th Multiple Test Cases 19,-1.08
Hourly Heating and Cooling Load February 1 and July 14th Multiple Test Cases 20,-0.63
Hourly Heating and Cooling Load February 1 and July 14th Multiple Test Cases 21,-0.29
Hourly Heating and Cooling Load February 1 and July 14th Multiple Test Cases 22,-0.11
Hourly Heating and Cooling Load February 1 and July 14th Multiple Test Cases 23,-0.01
Hourly Heating and Cooling Load February 1 and July 14th Multiple Test Cases 24,0.0
Hourly Heating and Cooling Load February 1 and July 14th Multiple Test Cases 1,0.0
Hourly Heating and Cooling Load February 1 and July 14th Multiple Test Cases 2,0.0
Hourly Heating and Cooling Load February 1 and July 14th Multiple Test Cases 3,0.0
Hourly Heating and Cooling Load February 1 and July 14th Multiple Test Cases 4,0.0
Hourly Heating and Cooling Load February 1 and July 14th Multiple Test Cases 5,0.0
Hourly Heating and Cooling Load February 1 and July 14th Multiple Test Cases 6,0.0
Hourly Heating and Cooling Load February 1 and July 14th Multiple Test Cases 7,0.0
Hourly Heating and Cooling Load February 1 and July 14th Multiple Test Cases 8,0.0
Hourly Heating and Cooling Load February 1 and July 14th Multiple Test Cases 9,0.0
Hourly Heating and Cooling Load February 1 and July 14th Multiple Test Cases 10,-0.27
Hourly Heating and Cooling Load February 1 and July 14th Multiple Test Cases 11,-1.28
Hourly Heating and Cooling Load February 1 and July 14th Multiple Test Cases 12,-2.25
Hourly Heating and Cooling Load February 1 and July 14th Multiple Test Cases 13,-2.76
Hourly Heating and Cooling Load February 1 and July 14th Multiple Test Cases 14,-2.84
Hourly Heating and Cooling Load February 1 and July 14th Multiple Test Cases 15,-2.59
Hourly Heating and Cooling Load February 1 and July 14th Multiple Test Cases 16,-2.16
Hourly Heating and Cooling Load February 1 and July 14th Multiple Test Cases 17,-1.75
Hourly Heating and Cooling Load February 1 and July 14th Multiple Test Cases 18,-1.38
Hourly Heating and Cooling Load February 1 and July 14th Multiple Test Cases 19,-1.01
Hourly Heating and Cooling Load February 1 and July 14th Multiple Test Cases 20,-0.61
Hourly Heating and Cooling Load February 1 and July 14th Multiple Test Cases 21,-0.27
Hourly Heating and Cooling Load February 1 and July 14th Multiple Test Cases 22,-0.07
Hourly Heating and Cooling Load February 1 and July 14th Multiple Test Cases 23,0.0
Hourly Heating and Cooling Load February 1 and July 14th Multiple Test Cases 24,0.0
Hourly Heating and Cooling Load February 1 and July 14th Multiple Test Cases 1,-0.07
Hourly Heating and Cooling Load February 1 and July 14th Multiple Test Cases 2,-0.02
Hourly Heating and Cooling Load February 1 and July 14th Multiple Test Cases 3,0.07
Hourly Heating and Cooling Load February 1 and July 14th Multiple Test Cases 4,0.19
Hourly Heating and Cooling Load February 1 and July 14th Multiple Test Cases 5,0.29
Hourly Heating and Cooling Load February 1 and July 14th Multiple Test Cases 6,0.16
Hourly Heating and Cooling Load February 1 and July 14th Multiple Test Cases 7,-0.14
Hourly Heating and Cooling Load February 1 and July 14th Multiple Test Cases 8,-0.54
Hourly Heating and Cooling Load February 1 and July 14th Multiple Test Cases 9,-1.03
Hourly Heating and Cooling Load February 1 and July 14th Multiple Test Cases 10,-1.73
Hourly Heating and Cooling Load February 1 and July 14th Multiple Test Cases 11,-2.6
Hourly Heating and Cooling Load February 1 and July 14th Multiple Test Cases 12,-3.35
Hourly Heating and Cooling Load February 1 and July 14th Multiple Test Cases 13,-3.66
Hourly Heating and Cooling Load February 1 and July 14th Multiple Test Cases 14,-3.65
Hourly Heating and Cooling Load February 1 and July 14th Multiple Test Cases 15,-3.32
Hourly Heating and Cooling Load February 1 and July 14th Multiple Test Cases 16,-2.85
Hourly Heating and Cooling Load February 1 and July 14th Multiple Test Cases 17,-2.38
Hourly Heating and Cooling Load February 1 and July 14th Multiple Test Cases 18,-1.97
Hourly Heating and Cooling Load February 1 and July 14th Multiple Test Cases 19,-1.56
Hourly Heating and Cooling Load February 1 and July 14th Multiple Test Cases 20,-1.11
Hourly Heating and Cooling Load February 1 and July 14th Multiple Test Cases 21,-0.75
Hourly Heating and Cooling Load February 1 and July 14th Multiple Test Cases 22,-0.55
Hourly Heating and Cooling Load February 1 and July 14th Multiple Test Cases 23,-0.41
Hourly Heating and Cooling Load February 1 and July 14th Multiple Test Cases 24,-0.29
Hourly Heating and Cooling Load February 1 and July 14th Multiple Test Cases 1,-0.09
Hourly Heating and Cooling Load February 1 and July 14th Multiple Test Cases 2,-0.03
Hourly Heating and Cooling Load February 1 and July 14th Multiple Test Cases 3,0.04
Hourly Heating and Cooling Load February 1 and July 14th Multiple Test Cases 4,0.13
Hourly Heating and Cooling Load February 1 and July 14th Multiple Test Cases 5,0.24
Hourly Heating and Cooling Load February 1 and July 14th Multiple Test Cases 6,0.15
Hourly Heating and Cooling Load February 1 and July 14th Multiple Test Cases 7,-0.11
Hourly Heating and Cooling Load February 1 and July 14th Multiple Test Cases 8,-0.47
Hourly Heating and Cooling Load February 1 and July 14th Multiple Test Cases 9,-0.93
Hourly Heating and Cooling Load February 1 and July 14th Multiple Test Cases 10,-1.59
Hourly Heating and Cooling Load February 1 and July 14th Multiple Test Cases 11,-2.42
Hourly Heating and Cooling Load February 1 and July 14th Multiple Test Cases 12,-3.16
Hourly Heating and Cooling Load February 1 and July 14th Multiple Test Cases 13,-3.53
Hourly Heating and Cooling Load February 1 and July 14th Multiple Test Cases 14,-3.54
Hourly Heating and Cooling Load February 1 and July 14th Multiple Test Cases 15,-3.24
Hourly Heating and Cooling Load February 1 and July 14th Multiple Test Cases 16,-2.79
Hourly Heating and Cooling Load February 1 and July 14th Multiple Test Cases 17,-2.37
Hourly Heating and Cooling Load February 1 and July 14th Multiple Test Cases 18,-1.99
Hourly Heating and Cooling Load February 1 and July 14th Multiple Test Cases 19,-1.61
Hourly Heating and Cooling Load February 1 and July 14th Multiple Test Cases 20,-1.19
Hourly Heating and Cooling Load February 1 and July 14th Multiple Test Cases 21,-0.82
Hourly Heating and Cooling Load February 1 and July 14th Multiple Test Cases 22,-0.59
Hourly Heating and Cooling Load February 1 and July 14th Multiple Test Cases 23,-0.45
Hourly Heating and Cooling Load February 1 and July 14th Multiple Test Cases 24,-0.32
Hourly Heating and Cooling Load February 1 and July 14th Multiple Test Cases 1,-0.1
Hourly Heating and Cooling Load February 1 and July 14th Multiple Test Cases 2,-0.03
Hourly Heating and Cooling Load February 1 and July 14th Multiple Test Cases 3,0.0
Hourly Heating and Cooling Load February 1 and July 14th Multiple Test Cases 4,0.0
Hourly Heating and Cooling Load February 1 and July 14th Multiple Test Cases 5,0.0
Hourly Heating and Cooling Load February 1 and July 14th Multiple Test Cases 6,0.0
Hourly Heating and Cooling Load February 1 and July 14th Multiple Test Cases 7,0.0
Hourly Heating and Cooling Load February 1 and July 14th Multiple Test Cases 8,-0.02
Hourly Heating and Cooling Load February 1 and July 14th Multiple Test Cases 9,-0.16
Hourly Heating and Cooling Load February 1 and July 14th Multiple Test Cases 10,-0.41
Hourly Heating and Cooling Load February 1 and July 14th Multiple Test Cases 11,-0.76
Hourly Heating and Cooling Load February 1 and July 14th Multiple Test Cases 12,-1.09
Hourly Heating and Cooling Load February 1 and July 14th Multiple Test Cases 13,-1.33
Hourly Heating and Cooling Load February 1 and July 14th Multiple Test Cases 14,-1.48
Hourly Heating and Cooling Load February 1 and July 14th Multiple Test Cases 15,-1.49
Hourly Heating and Cooling Load February 1 and July 14th Multiple Test Cases 16,-1.41
Hourly Heating and Cooling Load February 1 and July 14th Multiple Test Cases 17,-1.3
Hourly Heating and Cooling Load February 1 and July 14th Multiple Test Cases 18,-1.17
Hourly Heating and Cooling Load February 1 and July 14th Multiple Test Cases 19,-1.02
Hourly Heating and Cooling Load February 1 and July 14th Multiple Test Cases 20,-0.84
Hourly Heating and Cooling Load February 1 and July 14th Multiple Test Cases 21,-0.7
Hourly Heating and Cooling Load February 1 and July 14th Multiple Test Cases 22,-0.59
Hourly Heating and Cooling Load February 1 and July 14th Multiple Test Cases 23,-0.48
Hourly Heating and Cooling Load February 1 and July 14th Multiple Test Cases 24,-0.37
Hourly Heating and Cooling Load February 1 and July 14th Multiple Test Cases 1,-0.13
Hourly Heating and Cooling Load February 1 and July 14th Multiple Test Cases 2,-0.06
Hourly Heating and Cooling Load February 1 and July 14th Multiple Test Cases 3,0.0
Hourly Heating and Cooling Load February 1 and July 14th Multiple Test Cases 4,0.0
Hourly Heating and Cooling Load February 1 and July 14th Multiple Test Cases 5,0.0
Hourly Heating and Cooling Load February 1 and July 14th Multiple Test Cases 6,0.0
Hourly Heating and Cooling Load February 1 and July 14th Multiple Test Cases 7,0.0
Hourly Heating and Cooling Load February 1 and July 14th Multiple Test Cases 8,-0.02
Hourly Heating and Cooling Load February 1 and July 14th Multiple Test Cases 9,-0.16
Hourly Heating and Cooling Load February 1 and July 14th Multiple Test Cases 10,-0.4
Hourly Heating and Cooling Load February 1 and July 14th Multiple Test Cases 11,-0.71
Hourly Heating and Cooling Load February 1 and July 14th Multiple Test Cases 12,-1.03
Hourly Heating and Cooling Load February 1 and July 14th Multiple Test Cases 13,-1.29
Hourly Heating and Cooling Load February 1 and July 14th Multiple Test Cases 14,-1.43
Hourly Heating and Cooling Load February 1 and July 14th Multiple Test Cases 15,-1.45
Hourly Heating and Cooling Load February 1 and July 14th Multiple Test Cases 16,-1.37
Hourly Heating and Cooling Load February 1 and July 14th Multiple Test Cases 17,-1.28
Hourly Heating and Cooling Load February 1 and July 14th Multiple Test Cases 18,-1.16
Hourly Heating and Cooling Load February 1 and July 14th Multiple Test Cases 19,-1.01
Hourly Heating and Cooling Load February 1 and July 14th Multiple Test Cases 20,-0.85
Hourly Heating and Cooling Load February 1 and July 14th Multiple Test Cases 21,-0.71
Hourly Heating and Cooling Load February 1 and July 14th Multiple Test Cases 22,-0.6
Hourly Heating and Cooling Load February 1 and July 14th Multiple Test Cases 23,-0.5
Hourly Heating and Cooling Load February 1 and July 14th Multiple Test Cases 24,-0.39
Hourly Heating and Cooling Load February 1 and July 14th Multiple Test Cases 1,-0.71
Hourly Heating and Cooling Load February 1 and July 14th Multiple Test Cases 2,-0.62
Hourly Heating and Cooling Load February 1 and July 14th Multiple Test Cases 3,-0.52
Hourly Heating and Cooling Load February 1 and July 14th Multiple Test Cases 4,-0.41
Hourly Heating and Cooling Load February 1 and July 14th Multiple Test Cases 5,-0.32
Hourly Heating and Cooling Load February 1 and July 14th Multiple Test Cases 6,-0.33
Hourly Heating and Cooling Load February 1 and July 14th Multiple Test Cases 7,-0.44
Hourly Heating and Cooling Load February 1 and July 14th Multiple Test Cases 8,-0.6
Hourly Heating and Cooling Load February 1 and July 14th Multiple Test Cases 9,-0.8
Hourly Heating and Cooling Load February 1 and July 14th Multiple Test Cases 10,-1.1
Hourly Heating and Cooling Load February 1 and July 14th Multiple Test Cases 11,-1.49
Hourly Heating and Cooling Load February 1 and July 14th Multiple Test Cases 12,-1.85
Hourly Heating and Cooling Load February 1 and July 14th Multiple Test Cases 13,-2.1
Hourly Heating and Cooling Load February 1 and July 14th Multiple Test Cases 14,-2.24
Hourly Heating and Cooling Load February 1 and July 14th Multiple Test Cases 15,-2.24
Hourly Heating and Cooling Load February 1 and July 14th Multiple Test Cases 16,-2.14
Hourly Heating and Cooling Load February 1 and July 14th Multiple Test Cases 17,-2.02
Hourly Heating and Cooling Load February 1 and July 14th Multiple Test Cases 18,-1.87
Hourly Heating and Cooling Load February 1 and July 14th Multiple Test Cases 19,-1.69
Hourly Heating and Cooling Load February 1 and July 14th Multiple Test Cases 20,-1.5
Hourly Heating and Cooling Load February 1 and July 14th Multiple Test Cases 21,-1.33
Hourly Heating and Cooling Load February 1 and July 14th Multiple Test Cases 22,-1.21
Hourly Heating and Cooling Load February 1 and July 14th Multiple Test Cases 23,-1.09
Hourly Heating and Cooling Load February 1 and July 14th Multiple Test Cases 24,-0.96
Hourly Heating and Cooling Load February 1 and July 14th Multiple Test Cases 1,-0.71
Hourly Heating and Cooling Load February 1 and July 14th Multiple Test Cases 2,-0.63
Hourly Heating and Cooling Load February 1 and July 14th Multiple Test Cases 3,-0.54
Hourly Heating and Cooling Load February 1 and July 14th Multiple Test Cases 4,-0.44
Hourly Heating and Cooling Load February 1 and July 14th Multiple Test Cases 5,-0.35
Hourly Heating and Cooling Load February 1 and July 14th Multiple Test Cases 6,-0.35
Hourly Heating and Cooling Load February 1 and July 14th Multiple Test Cases 7,-0.44
Hourly Heating and Cooling Load February 1 and July 14th Multiple Test Cases 8,-0.58
Hourly Heating and Cooling Load February 1 and July 14th Multiple Test Cases 9,-0.76
Hourly Heating and Cooling Load February 1 and July 14th Multiple Test Cases 10,-1.04
Hourly Heating and Cooling Load February 1 and July 14th Multiple Test Cases 11,-1.4
Hourly Heating and Cooling Load February 1 and July 14th Multiple Test Cases 12,-1.74
Hourly Heating and Cooling Load February 1 and July 14th Multiple Test Cases 13,-2.01
Hourly Heating and Cooling Load February 1 and July 14th Multiple Test Cases 14,-2.16
Hourly Heating and Cooling Load February 1 and July 14th Multiple Test Cases 15,-2.16
Hourly Heating and Cooling Load February 1 and July 14th Multiple Test Cases 16,-2.06
Hourly Heating and Cooling Load February 1 and July 14th Multiple Test Cases 17,-1.96
Hourly Heating and Cooling Load February 1 and July 14th Multiple Test Cases 18,-1.83
Hourly Heating and Cooling Load February 1 and July 14th Multiple Test Cases 19,-1.66
Hourly Heating and Cooling Load February 1 and July 14th Multiple Test Cases 20,-1.48
Hourly Heating and Cooling Load February 1 and July 14th Multiple Test Cases 21,-1.32
Hourly Heating and Cooling Load February 1 and July 14th Multiple Test Cases 22,-1.2
Hourly Heating and Cooling Load February 1 and July 14th Multiple Test Cases 23,-1.09
Hourly Heating and Cooling Load February 1 and July 14th Multiple Test Cases 24,-0.96
Hourly Heating and Cooling Load February 1 and July 14th Multiple Test Cases 1,10.0
Hourly Heating and Cooling Load February 1 and July 14th Multiple Test Cases 2,10.0
Hourly Heating and Cooling Load February 1 and July 14th Multiple Test Cases 3,10.0
Hourly Heating and Cooling Load February 1 and July 14th Multiple Test Cases 4,10.0
Hourly Heating and Cooling Load February 1 and July 14th Multiple Test Cases 5,10.0
Hourly Heating and Cooling Load February 1 and July 14th Multiple Test Cases 6,10.0
Hourly Heating and Cooling Load February 1 and July 14th Multiple Test Cases 7,20.0
Hourly Heating and Cooling Load February 1 and July 14th Multiple Test Cases 8,20.0
Hourly Heating and Cooling Load February 1 and July 14th Multiple Test Cases 9,22.1
Hourly Heating and Cooling Load February 1 and July 14th Multiple Test Cases 10,26.9
Hourly Heating and Cooling Load February 1 and July 14th Multiple Test Cases 11,27.0
Hourly Heating and Cooling Load February 1 and July 14th Multiple Test Cases 12,27.0
Hourly Heating and Cooling Load February 1 and July 14th Multiple Test Cases 13,27.0
Hourly Heating and Cooling Load February 1 and July 14th Multiple Test Cases 14,27.0
Hourly Heating and Cooling Load February 1 and July 14th Multiple Test Cases 15,27.0
Hourly Heating and Cooling Load February 1 and July 14th Multiple Test Cases 16,27.0
Hourly Heating and Cooling Load February 1 and July 14th Multiple Test Cases 17,25.4
Hourly Heating and Cooling Load February 1 and July 14th Multiple Test Cases 18,21.1
Hourly Heating and Cooling Load February 1 and July 14th Multiple Test Cases 19,20.0
Hourly Heating and Cooling Load February 1 and July 14th Multiple Test Cases 20,20.0
Hourly Heating and Cooling Load February 1 and July 14th Multiple Test Cases 21,20.0
Hourly Heating and Cooling Load February 1 and July 14th Multiple Test Cases 22,20.0
Hourly Heating and Cooling Load February 1 and July 14th Multiple Test Cases 23,13.6
Hourly Heating and Cooling Load February 1 and July 14th Multiple Test Cases 24,0.0
Hourly Heating and Cooling Load February 1 and July 14th Multiple Test Cases 1,15.5
Hourly Heating and Cooling Load February 1 and July 14th Multiple Test Cases 2,15.0
Hourly Heating and Cooling Load February 1 and July 14th Multiple Test Cases 3,14.4
Hourly Heating and Cooling Load February 1 and July 14th Multiple Test Cases 4,13.9
Hourly Heating and Cooling Load February 1 and July 14th Multiple Test Cases 5,13.4
Hourly Heating and Cooling Load February 1 and July 14th Multiple Test Cases 6,13.0
Hourly Heating and Cooling Load February 1 and July 14th Multiple Test Cases 7,20.1
Hourly Heating and Cooling Load February 1 and July 14th Multiple Test Cases 8,20.0
Hourly Heating and Cooling Load February 1 and July 14th Multiple Test Cases 9,20.0
Hourly Heating and Cooling Load February 1 and July 14th Multiple Test Cases 10,20.1
Hourly Heating and Cooling Load February 1 and July 14th Multiple Test Cases 11,21.9
Hourly Heating and Cooling Load February 1 and July 14th Multiple Test Cases 12,24.0
Hourly Heating and Cooling Load February 1 and July 14th Multiple Test Cases 13,25.5
Hourly Heating and Cooling Load February 1 and July 14th Multiple Test Cases 14,26.2
Hourly Heating and Cooling Load February 1 and July 14th Multiple Test Cases 15,26.2
Hourly Heating and Cooling Load February 1 and July 14th Multiple Test Cases 16,25.5
Hourly Heating and Cooling Load February 1 and July 14th Multiple Test Cases 17,23.7
Hourly Heating and Cooling Load February 1 and July 14th Multiple Test Cases 18,22.4
Hourly Heating and Cooling Load February 1 and July 14th Multiple Test Cases 19,21.5
Hourly Heating and Cooling Load February 1 and July 14th Multiple Test Cases 20,20.6
Hourly Heating and Cooling Load February 1 and July 14th Multiple Test Cases 21,20.0
Hourly Heating and Cooling Load February 1 and July 14th Multiple Test Cases 22,20.0
Hourly Heating and Cooling Load February 1 and July 14th Multiple Test Cases 23,18.5
Hourly Heating and Cooling Load February 1 and July 14th Multiple Test Cases 24,0.0
Hourly Free Float Temperatures February 1 and July 14th Multiple Test Cases 1,4.5
Hourly Free Float Temperatures February 1 and July 14th Multiple Test Cases 2,3.0
Hourly Free Float Temperatures February 1 and July 14th Multiple Test Cases 3,1.7
Hourly Free Float Temperatures February 1 and July 14th Multiple Test Cases 4,0.6
Hourly Free Float Temperatures February 1 and July 14th Multiple Test Cases 5,-0.3
Hourly Free Float Temperatures February 1 and July 14th Multiple Test Cases 6,-1.1
Hourly Free Float Temperatures February 1 and July 14th Multiple Test Cases 7,-0.7
Hourly Free Float Temperatures February 1 and July 14th Multiple Test Cases 8,3.8
Hourly Free Float Temperatures February 1 and July 14th Multiple Test Cases 9,11.5
Hourly Free Float Temperatures February 1 and July 14th Multiple Test Cases 10,20.3
Hourly Free Float Temperatures February 1 and July 14th Multiple Test Cases 11,29.4
Hourly Free Float Temperatures February 1 and July 14th Multiple Test Cases 12,38.2
Hourly Free Float Temperatures February 1 and July 14th Multiple Test Cases 13,44.7
Hourly Free Float Temperatures February 1 and July 14th Multiple Test Cases 14,48.3
Hourly Free Float Temperatures February 1 and July 14th Multiple Test Cases 15,49.0
Hourly Free Float Temperatures February 1 and July 14th Multiple Test Cases 16,46.3
Hourly Free Float Temperatures February 1 and July 14th Multiple Test Cases 17,39.9
Hourly Free Float Temperatures February 1 and July 14th Multiple Test Cases 18,33.2
Hourly Free Float Temperatures February 1 and July 14th Multiple Test Cases 19,27.5
Hourly Free Float Temperatures February 1 and July 14th Multiple Test Cases 20,22.6
Hourly Free Float Temperatures February 1 and July 14th Multiple Test Cases 21,18.3
Hourly Free Float Temperatures February 1 and July 14th Multiple Test Cases 22,14.5
Hourly Free Float Temperatures February 1 and July 14th Multiple Test Cases 23,11.3
Hourly Free Float Temperatures February 1 and July 14th Multiple Test Cases 24,0.0
Hourly Free Float Temperatures February 1 and July 14th Multiple Test Cases 1,13.3
Hourly Free Float Temperatures February 1 and July 14th Multiple Test Cases 2,12.8
Hourly Free Float Temperatures February 1 and July 14th Multiple Test Cases 3,12.3
Hourly Free Float Temperatures February 1 and July 14th Multiple Test Cases 4,11.9
Hourly Free Float Temperatures February 1 and July 14th Multiple Test Cases 5,11.4
Hourly Free Float Temperatures February 1 and July 14th Multiple Test Cases 6,11.0
Hourly Free Float Temperatures February 1 and July 14th Multiple Test Cases 7,11.2
Hourly Free Float Temperatures February 1 and July 14th Multiple Test Cases 8,12.7
Hourly Free Float Temperatures February 1 and July 14th Multiple Test Cases 9,14.7
Hourly Free Float Temperatures February 1 and July 14th Multiple Test Cases 10,17.0
Hourly Free Float Temperatures February 1 and July 14th Multiple Test Cases 11,19.3
Hourly Free Float Temperatures February 1 and July 14th Multiple Test Cases 12,21.4
Hourly Free Float Temperatures February 1 and July 14th Multiple Test Cases 13,23.1
Hourly Free Float Temperatures February 1 and July 14th Multiple Test Cases 14,23.9
Hourly Free Float Temperatures February 1 and July 14th Multiple Test Cases 15,24.0
Hourly Free Float Temperatures February 1 and July 14th Multiple Test Cases 16,23.3
Hourly Free Float Temperatures February 1 and July 14th Multiple Test Cases 17,21.6
Hourly Free Float Temperatures February 1 and July 14th Multiple Test Cases 18,20.4
Hourly Free Float Temperatures February 1 and July 14th Multiple Test Cases 19,19.5
Hourly Free Float Temperatures February 1 and July 14th Multiple Test Cases 20,18.7
Hourly Free Float Temperatures February 1 and July 14th Multiple Test Cases 21,17.9
Hourly Free Float Temperatures February 1 and July 14th Multiple Test Cases 22,17.1
Hourly Free Float Temperatures February 1 and July 14th Multiple Test Cases 23,16.4
Hourly Free Float Temperatures February 1 and July 14th Multiple Test Cases 24,0.0
Hourly Free Float Temperatures February 1 and July 14th Multiple Test Cases 1,19.1
Hourly Free Float Temperatures February 1 and July 14th Multiple Test Cases 2,18.1
Hourly Free Float Temperatures February 1 and July 14th Multiple Test Cases 3,17.0
Hourly Free Float Temperatures February 1 and July 14th Multiple Test Cases 4,15.9
Hourly Free Float Temperatures February 1 and July 14th Multiple Test Cases 5,16.5
Hourly Free Float Temperatures February 1 and July 14th Multiple Test Cases 6,18.8
Hourly Free Float Temperatures February 1 and July 14th Multiple Test Cases 7,20.7
Hourly Free Float Temperatures February 1 and July 14th Multiple Test Cases 8,23.1
Hourly Free Float Temperatures February 1 and July 14th Multiple Test Cases 9,26.4
Hourly Free Float Temperatures February 1 and July 14th Multiple Test Cases 10,30.1
Hourly Free Float Temperatures February 1 and July 14th Multiple Test Cases 11,35.5
Hourly Free Float Temperatures February 1 and July 14th Multiple Test Cases 12,40.1
Hourly Free Float Temperatures February 1 and July 14th Multiple Test Cases 13,43.5
Hourly Free Float Temperatures February 1 and July 14th Multiple Test Cases 14,45.7
Hourly Free Float Temperatures February 1 and July 14th Multiple Test Cases 15,46.7
Hourly Free Float Temperatures February 1 and July 14th Multiple Test Cases 16,46.6
Hourly Free Float Temperatures February 1 and July 14th Multiple Test Cases 17,45.9
Hourly Free Float Temperatures February 1 and July 14th Multiple Test Cases 18,34.8
Hourly Free Float Temperatures February 1 and July 14th Multiple Test Cases 19,31.2
Hourly Free Float Temperatures February 1 and July 14th Multiple Test Cases 20,28.1
Hourly Free Float Temperatures February 1 and July 14th Multiple Test Cases 21,26.1
Hourly Free Float Temperatures February 1 and July 14th Multiple Test Cases 22,24.6
Hourly Free Float Temperatures February 1 and July 14th Multiple Test Cases 23,23.0
Hourly Free Float Temperatures February 1 and July 14th Multiple Test Cases 24,0.0
Hourly Free Float Temperatures February 1 and July 14th Multiple Test Cases 1,20.7
Hourly Free Float Temperatures February 1 and July 14th Multiple Test Cases 2,20.0
Hourly Free Float Temperatures February 1 and July 14th Multiple Test Cases 3,19.1
Hourly Free Float Temperatures February 1 and July 14th Multiple Test Cases 4,18.2
Hourly Free Float Temperatures February 1 and July 14th Multiple Test Cases 5,18.7
Hourly Free Float Temperatures February 1 and July 14th Multiple Test Cases 6,20.4
Hourly Free Float Temperatures February 1 and July 14th Multiple Test Cases 7,22.9
Hourly Free Float Temperatures February 1 and July 14th Multiple Test Cases 8,24.6
Hourly Free Float Temperatures February 1 and July 14th Multiple Test Cases 9,25.5
Hourly Free Float Temperatures February 1 and July 14th Multiple Test Cases 10,26.8
Hourly Free Float Temperatures February 1 and July 14th Multiple Test Cases 11,28.1
Hourly Free Float Temperatures February 1 and July 14th Multiple Test Cases 12,29.0
Hourly Free Float Temperatures February 1 and July 14th Multiple Test Cases 13,29.7
Hourly Free Float Temperatures February 1 and July 14th Multiple Test Cases 14,30.2
Hourly Free Float Temperatures February 1 and July 14th Multiple Test Cases 15,30.3
Hourly Free Float Temperatures February 1 and July 14th Multiple Test Cases 16,30.4
Hourly Free Float Temperatures February 1 and July 14th Multiple Test Cases 17,30.4
Hourly Free Float Temperatures February 1 and July 14th Multiple Test Cases 18,29.0
Hourly Free Float Temperatures February 1 and July 14th Multiple Test Cases 19,27.6
Hourly Free Float Temperatures February 1 and July 14th Multiple Test Cases 20,26.3
Hourly Free Float Temperatures February 1 and July 14th Multiple Test Cases 21,25.5
Hourly Free Float Temperatures February 1 and July 14th Multiple Test Cases 22,24.8
Hourly Free Float Temperatures February 1 and July 14th Multiple Test Cases 23,23.8
Hourly Free Float Temperatures February 1 and July 14th Multiple Test Cases 24,0.0
Hourly Free Float Temperatures February 1 and July 14th Multiple Test Cases 1,5.6
Hourly Free Float Temperatures February 1 and July 14th Multiple Test Cases 2,4.1
Hourly Free Float Temperatures February 1 and July 14th Multiple Test Cases 3,2.8
Hourly Free Float Temperatures February 1 and July 14th Multiple Test Cases 4,1.6
Hourly Free Float Temperatures February 1 and July 14th Multiple Test Cases 5,0.6
Hourly Free Float Temperatures February 1 and July 14th Multiple Test Cases 6,-0.2
Hourly Free Float Temperatures February 1 and July 14th Multiple Test Cases 7,0.2
Hourly Free Float Temperatures February 1 and July 14th Multiple Test Cases 8,4.5
Hourly Free Float Temperatures February 1 and July 14th Multiple Test Cases 9,11.6
Hourly Free Float Temperatures February 1 and July 14th Multiple Test Cases 10,20.3
Hourly Free Float Temperatures February 1 and July 14th Multiple Test Cases 11,29.3
Hourly Free Float Temperatures February 1 and July 14th Multiple Test Cases 12,37.6
Hourly Free Float Temperatures February 1 and July 14th Multiple Test Cases 13,43.9
Hourly Free Float Temperatures February 1 and July 14th Multiple Test Cases 14,47.7
Hourly Free Float Temperatures February 1 and July 14th Multiple Test Cases 15,48.5
Hourly Free Float Temperatures February 1 and July 14th Multiple Test Cases 16,46.2
Hourly Free Float Temperatures February 1 and July 14th Multiple Test Cases 17,40.4
Hourly Free Float Temperatures February 1 and July 14th Multiple Test Cases 18,34.2
Hourly Free Float Temperatures February 1 and July 14th Multiple Test Cases 19,28.7
Hourly Free Float Temperatures February 1 and July 14th Multiple Test Cases 20,24.1
Hourly Free Float Temperatures February 1 and July 14th Multiple Test Cases 21,19.8
Hourly Free Float Temperatures February 1 and July 14th Multiple Test Cases 22,16.1
Hourly Free Float Temperatures February 1 and July 14th Multiple Test Cases 23,12.8
Hourly Free Float Temperatures February 1 and July 14th Multiple Test Cases 24,0.0
Hourly Free Float Temperatures February 1 and July 14th Multiple Test Cases 1,14.4
Hourly Free Float Temperatures February 1 and July 14th Multiple Test Cases 2,13.9
Hourly Free Float Temperatures February 1 and July 14th Multiple Test Cases 3,13.3
Hourly Free Float Temperatures February 1 and July 14th Multiple Test Cases 4,12.9
Hourly Free Float Temperatures February 1 and July 14th Multiple Test Cases 5,12.5
Hourly Free Float Temperatures February 1 and July 14th Multiple Test Cases 6,12.1
Hourly Free Float Temperatures February 1 and July 14th Multiple Test Cases 7,12.3
Hourly Free Float Temperatures February 1 and July 14th Multiple Test Cases 8,13.7
Hourly Free Float Temperatures February 1 and July 14th Multiple Test Cases 9,15.7
Hourly Free Float Temperatures February 1 and July 14th Multiple Test Cases 10,17.9
Hourly Free Float Temperatures February 1 and July 14th Multiple Test Cases 11,20.2
Hourly Free Float Temperatures February 1 and July 14th Multiple Test Cases 12,22.4
Hourly Free Float Temperatures February 1 and July 14th Multiple Test Cases 13,24.0
Hourly Free Float Temperatures February 1 and July 14th Multiple Test Cases 14,24.8
Hourly Free Float Temperatures February 1 and July 14th Multiple Test Cases 15,24.9
Hourly Free Float Temperatures February 1 and July 14th Multiple Test Cases 16,24.3
Hourly Free Float Temperatures February 1 and July 14th Multiple Test Cases 17,22.6
Hourly Free Float Temperatures February 1 and July 14th Multiple Test Cases 18,21.4
Hourly Free Float Temperatures February 1 and July 14th Multiple Test Cases 19,20.5
Hourly Free Float Temperatures February 1 and July 14th Multiple Test Cases 20,19.7
Hourly Free Float Temperatures February 1 and July 14th Multiple Test Cases 21,18.9
Hourly Free Float Temperatures February 1 and July 14th Multiple Test Cases 22,18.2
Hourly Free Float Temperatures February 1 and July 14th Multiple Test Cases 23,17.5
Hourly Free Float Temperatures February 1 and July 14th Multiple Test Cases 24,0.0
Hourly Annual Zone Temperature Bin Data - Case 900FF -19,0.0
Hourly Annual Zone Temperature Bin Data - Case 900FF -18,0.0
Hourly Annual Zone Temperature Bin Data - Case 900FF -17,0.0
Hourly Annual Zone Temperature Bin Data - Case 900FF -16,0.0
Hourly Annual Zone Temperature Bin Data - Case 900FF -15,0.0
Hourly Annual Zone Temperature Bin Data - Case 900FF -14,0.0
Hourly Annual Zone Temperature Bin Data - Case 900FF -13,0.0
Hourly Annual Zone Temperature Bin Data - Case 900FF -12,0.0
Hourly Annual Zone Temperature Bin Data - Case 900FF -11,0.0
Hourly Annual Zone Temperature Bin Data - Case 900FF -10,0.0
Hourly Annual Zone Temperature Bin Data - Case 900FF -9,0.0
Hourly Annual Zone Temperature Bin Data - Case 900FF -8,0.0
Hourly Annual Zone Temperature Bin Data - Case 900FF -7,0.0
Hourly Annual Zone Temperature Bin Data - Case 900FF -6,0.0
Hourly Annual Zone Temperature Bin Data - Case 900FF -5,0.0
Hourly Annual Zone Temperature Bin Data - Case 900FF -4,0.0
Hourly Annual Zone Temperature Bin Data - Case 900FF -3,0.0
Hourly Annual Zone Temperature Bin Data - Case 900FF -2,0.0
Hourly Annual Zone Temperature Bin Data - Case 900FF -1,0.0
Hourly Annual Zone Temperature Bin Data - Case 900FF 0,1.0
Hourly Annual Zone Temperature Bin Data - Case 900FF 1,3.0
Hourly Annual Zone Temperature Bin Data - Case 900FF 2,13.0
Hourly Annual Zone Temperature Bin Data - Case 900FF 3,25.0
Hourly Annual Zone Temperature Bin Data - Case 900FF 4,27.0
Hourly Annual Zone Temperature Bin Data - Case 900FF 5,38.0
Hourly Annual Zone Temperature Bin Data - Case 900FF 6,53.0
Hourly Annual Zone Temperature Bin Data - Case 900FF 7,68.0
Hourly Annual Zone Temperature Bin Data - Case 900FF 8,78.0
Hourly Annual Zone Temperature Bin Data - Case 900FF 9,96.0
Hourly Annual Zone Temperature Bin Data - Case 900FF 10,147.0
Hourly Annual Zone Temperature Bin Data - Case 900FF 11,177.0
Hourly Annual Zone Temperature Bin Data - Case 900FF 12,201.0
Hourly Annual Zone Temperature Bin Data - Case 900FF 13,195.0
Hourly Annual Zone Temperature Bin Data - Case 900FF 14,212.0
Hourly Annual Zone Temperature Bin Data - Case 900FF 15,263.0
Hourly Annual Zone Temperature Bin Data - Case 900FF 16,259.0
Hourly Annual Zone Temperature Bin Data - Case 900FF 17,271.0
Hourly Annual Zone Temperature Bin Data - Case 900FF 18,313.0
Hourly Annual Zone Temperature Bin Data - Case 900FF 19,329.0
Hourly Annual Zone Temperature Bin Data - Case 900FF 20,321.0
Hourly Annual Zone Temperature Bin Data - Case 900FF 21,311.0
Hourly Annual Zone Temperature Bin Data - Case 900FF 22,332.0
Hourly Annual Zone Temperature Bin Data - Case 900FF 23,292.0
Hourly Annual Zone Temperature Bin Data - Case 900FF 24,304.0
Hourly Annual Zone Temperature Bin Data - Case 900FF 25,310.0
Hourly Annual Zone Temperature Bin Data - Case 900FF 26,302.0
Hourly Annual Zone Temperature Bin Data - Case 900FF 27,323.0
Hourly Annual Zone Temperature Bin Data - Case 900FF 28,332.0
Hourly Annual Zone Temperature Bin Data - Case 900FF 29,364.0
Hourly Annual Zone Temperature Bin Data - Case 900FF 30,381.0
Hourly Annual Zone Temperature Bin Data - Case 900FF 31,388.0
Hourly Annual Zone Temperature Bin Data - Case 900FF 32,408.0
Hourly Annual Zone Temperature Bin Data - Case 900FF 33,385.0
Hourly Annual Zone Temperature Bin Data - Case 900FF 34,332.0
Hourly Annual Zone Temperature Bin Data - Case 900FF 35,260.0
Hourly Annual Zone Temperature Bin Data - Case 900FF 36,221.0
Hourly Annual Zone Temperature Bin Data - Case 900FF 37,161.0
Hourly Annual Zone Temperature Bin Data - Case 900FF 38,112.0
Hourly Annual Zone Temperature Bin Data - Case 900FF 39,81.0
Hourly Annual Zone Temperature Bin Data - Case 900FF 40,36.0
Hourly Annual Zone Temperature Bin Data - Case 900FF 41,24.0
Hourly Annual Zone Temperature Bin Data - Case 900FF 42,6.0
Hourly Annual Zone Temperature Bin Data - Case 900FF 43,5.0
Hourly Annual Zone Temperature Bin Data - Case 900FF 44,0.0
Hourly Annual Zone Temperature Bin Data - Case 900FF 45,0.0
Hourly Annual Zone Temperature Bin Data - Case 900FF 46,0.0
Hourly Annual Zone Temperature Bin Data - Case 900FF 47,0.0
Hourly Annual Zone Temperature Bin Data - Case 900FF 48,0.0
Hourly Annual Zone Temperature Bin Data - Case 900FF 49,0.0
Hourly Annual Zone Temperature Bin Data - Case 900FF 50,0.0
Hourly Annual Zone Temperature Bin Data - Case 900FF 51,0.0
Hourly Annual Zone Temperature Bin Data - Case 900FF 52,0.0
Hourly Annual Zone Temperature Bin Data - Case 900FF 53,0.0
Hourly Annual Zone Temperature Bin Data - Case 900FF 54,0.0
Hourly Annual Zone Temperature Bin Data - Case 900FF 55,0.0
Hourly Annual Zone Temperature Bin Data - Case 900FF 56,0.0
Hourly Annual Zone Temperature Bin Data - Case 900FF 57,0.0
Hourly Annual Zone Temperature Bin Data - Case 900FF 58,0.0
Hourly Annual Zone Temperature Bin Data - Case 900FF 59,0.0
Hourly Annual Zone Temperature Bin Data - Case 900FF 60,0.0
Hourly Annual Zone Temperature Bin Data - Case 900FF 61,0.0
Hourly Annual Zone Temperature Bin Data - Case 900FF 62,0.0
Hourly Annual Zone Temperature Bin Data - Case 900FF 63,0.0
Hourly Annual Zone Temperature Bin Data - Case 900FF 64,0.0
Hourly Annual Zone Temperature Bin Data - Case 900FF 65,0.0
Hourly Annual Zone Temperature Bin Data - Case 900FF 66,0.0
Hourly Annual Zone Temperature Bin Data - Case 900FF 67,0.0
Hourly Annual Zone Temperature Bin Data - Case 900FF 68,0.0
Hourly Annual Zone Temperature Bin Data - Case 900FF 69,0.0
Hourly Annual Zone Temperature Bin Data - Case 900FF 70,0.0
